title,company,location,description,link,skills
Python developer,Infosys,"Bengaluru East, Karnataka, India","Job at Infosys in Bengaluru East, Karnataka, India.",https://in.linkedin.com/jobs/view/python-developer-at-infosys-4216805858?position=1&pageNum=0&refId=ALJqHFv8UIVQZUbudjmGZg%3D%3D&trackingId=iCCDF3f71dyk9QPvGEqjKg%3D%3D,
Python developer,Infosys,"Bengaluru East, Karnataka, India","Job at Infosys in Bengaluru East, Karnataka, India.",https://in.linkedin.com/jobs/view/python-developer-at-infosys-4217397513?position=2&pageNum=0&refId=ALJqHFv8UIVQZUbudjmGZg%3D%3D&trackingId=hAlKtMYZRw75l0narGPnqw%3D%3D,
Python Developer,Infosys,"Pune, Maharashtra, India","Job at Infosys in Pune, Maharashtra, India.",https://in.linkedin.com/jobs/view/python-developer-at-infosys-4220939108?position=3&pageNum=0&refId=ALJqHFv8UIVQZUbudjmGZg%3D%3D&trackingId=aFlLYIDygYXFZokDRIumeQ%3D%3D,
Python Developer,Infosys,"Chandigarh, Chandigarh, India","Job at Infosys in Chandigarh, Chandigarh, India.",https://in.linkedin.com/jobs/view/python-developer-at-infosys-4207500723?position=4&pageNum=0&refId=ALJqHFv8UIVQZUbudjmGZg%3D%3D&trackingId=XmumUFtrhzPSHobE7noswQ%3D%3D,
Python Developer,Infosys,"Pune, Maharashtra, India","Job at Infosys in Pune, Maharashtra, India.",https://in.linkedin.com/jobs/view/python-developer-at-infosys-4214876486?position=5&pageNum=0&refId=ALJqHFv8UIVQZUbudjmGZg%3D%3D&trackingId=ssWx9BNi79kdymzhGP1ZVg%3D%3D,
Python Developer,Infosys,"Gurgaon, Haryana, India","Job at Infosys in Gurgaon, Haryana, India.",https://in.linkedin.com/jobs/view/python-developer-at-infosys-4239914832?position=6&pageNum=0&refId=ALJqHFv8UIVQZUbudjmGZg%3D%3D&trackingId=iSjDe7LXsNms6PM7hKnRCw%3D%3D,
Python Developer,Infosys,"Gurgaon, Haryana, India","Job at Infosys in Gurgaon, Haryana, India.",https://in.linkedin.com/jobs/view/python-developer-at-infosys-4241181874?position=7&pageNum=0&refId=ALJqHFv8UIVQZUbudjmGZg%3D%3D&trackingId=VE5%2B7cxf44KJANL%2FbwtZ5g%3D%3D,
Python Developer,Infosys,"Bengaluru, Karnataka, India","Job at Infosys in Bengaluru, Karnataka, India.",https://in.linkedin.com/jobs/view/python-developer-at-infosys-4191884365?position=8&pageNum=0&refId=ALJqHFv8UIVQZUbudjmGZg%3D%3D&trackingId=%2FubQm8Ixc9i74Px3TTv8ng%3D%3D,
Python Developer,Infosys,"Bengaluru East, Karnataka, India","Job at Infosys in Bengaluru East, Karnataka, India.",https://in.linkedin.com/jobs/view/python-developer-at-infosys-4240263505?position=9&pageNum=0&refId=ALJqHFv8UIVQZUbudjmGZg%3D%3D&trackingId=M0O7XzA3hgXi2BpiQsx4sQ%3D%3D,
Python Developer,Infosys,"Bengaluru, Karnataka, India","Job at Infosys in Bengaluru, Karnataka, India.",https://in.linkedin.com/jobs/view/python-developer-at-infosys-4242299754?position=10&pageNum=0&refId=ALJqHFv8UIVQZUbudjmGZg%3D%3D&trackingId=e2himAoJ6BYCawjjRFoTTg%3D%3D,
Lead Python developer,CoreTek Labs,New York City Metropolitan Area,Job at CoreTek Labs in New York City Metropolitan Area.,https://www.linkedin.com/jobs/view/lead-python-developer-at-coretek-labs-4252705254?position=1&pageNum=0&refId=CvyMyS0d135nvo%2FIABwHAw%3D%3D&trackingId=ghLCe5c6XLRiJm9FAjty%2FA%3D%3D,
Java Full Stack Developer - OPT/CPT/STEM OPT / H4-EAD,Veracity Software Inc,"Iselin, NJ","Job at Veracity Software Inc in Iselin, NJ.",https://www.linkedin.com/jobs/view/java-full-stack-developer-opt-cpt-stem-opt-h4-ead-at-veracity-software-inc-4248434295?position=2&pageNum=0&refId=CvyMyS0d135nvo%2FIABwHAw%3D%3D&trackingId=ZpkqU1ETo02EojgMzIR3ZQ%3D%3D,
"Backend Engineer (Java), All Levels - NYC",Medal,"New York, NY","Job at Medal in New York, NY.",https://www.linkedin.com/jobs/view/backend-engineer-java-all-levels-nyc-at-medal-4252714011?position=3&pageNum=0&refId=CvyMyS0d135nvo%2FIABwHAw%3D%3D&trackingId=Y3h6KTqWnv8h7ehO45JciQ%3D%3D,
AI Full Stack Engineer - Manager - Commercial Technology & Innovation,PwC Experience Center Stockholm,"New York, NY","Job at PwC Experience Center Stockholm in New York, NY.",https://www.linkedin.com/jobs/view/ai-full-stack-engineer-manager-commercial-technology-innovation-at-pwc-experience-center-stockholm-4248643726?position=4&pageNum=0&refId=CvyMyS0d135nvo%2FIABwHAw%3D%3D&trackingId=YPqyOQ%2FhsrKtBDpGZY8Y1A%3D%3D,
"Senior Software Engineer, Frontend Platform",MongoDB,"New York, NY","Job at MongoDB in New York, NY.",https://www.linkedin.com/jobs/view/senior-software-engineer-frontend-platform-at-mongodb-4184314105?position=5&pageNum=0&refId=CvyMyS0d135nvo%2FIABwHAw%3D%3D&trackingId=sJuYp5p4plIkMRQAm6mzfw%3D%3D,
Senior Software Engineer (Frontend),Traba,"New York, NY","Job at Traba in New York, NY.",https://www.linkedin.com/jobs/view/senior-software-engineer-frontend-at-traba-4205982524?position=6&pageNum=0&refId=CvyMyS0d135nvo%2FIABwHAw%3D%3D&trackingId=1CmB%2FzgqwS165DQAHqnUeA%3D%3D,
Python Developer,The Value Maximizer,"Austin, TX","Job at The Value Maximizer in Austin, TX.",https://www.linkedin.com/jobs/view/python-developer-at-the-value-maximizer-4248644140?position=1&pageNum=0&refId=l4lYan1wBBcEr1%2F0%2Fbsxkw%3D%3D&trackingId=uhKod%2FmlBG3vEAyrIRFiUA%3D%3D,
Software Engineer Apprentice,IBM,"Austin, TX","Job at IBM in Austin, TX.",https://www.linkedin.com/jobs/view/software-engineer-apprentice-at-ibm-4230879793?position=2&pageNum=0&refId=l4lYan1wBBcEr1%2F0%2Fbsxkw%3D%3D&trackingId=BXQa%2Br%2FnIzimNjMCci51eQ%3D%3D,
Software Engineer Apprentice,IBM,"Austin, TX","Job at IBM in Austin, TX.",https://www.linkedin.com/jobs/view/software-engineer-apprentice-at-ibm-4230883316?position=3&pageNum=0&refId=l4lYan1wBBcEr1%2F0%2Fbsxkw%3D%3D&trackingId=35bNOQMM0N4S5I7CKRQjPg%3D%3D,
Analytics Engineer (Hybrid),Weedmaps,"Austin, TX","Job at Weedmaps in Austin, TX.",https://www.linkedin.com/jobs/view/analytics-engineer-hybrid-at-weedmaps-4235552412?position=4&pageNum=0&refId=l4lYan1wBBcEr1%2F0%2Fbsxkw%3D%3D&trackingId=dtxOOoc00tTLnTI5iPlV7A%3D%3D,
Junior Developer,Summit Sky Consulting,"Austin, TX","Job at Summit Sky Consulting in Austin, TX.",https://www.linkedin.com/jobs/view/junior-developer-at-summit-sky-consulting-4248772992?position=5&pageNum=0&refId=l4lYan1wBBcEr1%2F0%2Fbsxkw%3D%3D&trackingId=pilIyAlAI5yJnuixS1irNQ%3D%3D,
Software Engineer (Intern),Naptha AI,"Austin, TX","Job at Naptha AI in Austin, TX.",https://www.linkedin.com/jobs/view/software-engineer-intern-at-naptha-ai-4151316670?position=6&pageNum=0&refId=l4lYan1wBBcEr1%2F0%2Fbsxkw%3D%3D&trackingId=gnfzlWFro2bdMrd2GbB0jw%3D%3D,
Associate 1 Software Engineer,Aspyr,"Austin, TX","Job at Aspyr in Austin, TX.",https://www.linkedin.com/jobs/view/associate-1-software-engineer-at-aspyr-4198113429?position=7&pageNum=0&refId=l4lYan1wBBcEr1%2F0%2Fbsxkw%3D%3D&trackingId=y9Rj7qTsAWet3t3kjqMRjQ%3D%3D,
"Software Engineer, New College Grad - 2025",Visa,"Austin, TX","Job at Visa in Austin, TX.",https://www.linkedin.com/jobs/view/software-engineer-new-college-grad-2025-at-visa-4250802791?position=8&pageNum=0&refId=l4lYan1wBBcEr1%2F0%2Fbsxkw%3D%3D&trackingId=fR4%2BuKzJZWD%2BHfVKN%2Bu0iw%3D%3D,
Associate Software Engineer - US Based,OpenSesame,"Austin, TX","Job at OpenSesame in Austin, TX.",https://www.linkedin.com/jobs/view/associate-software-engineer-us-based-at-opensesame-4210014837?position=9&pageNum=0&refId=l4lYan1wBBcEr1%2F0%2Fbsxkw%3D%3D&trackingId=LPLjOnyu%2BXT9A3NTfG0ZNw%3D%3D,
Software Engineer (SWE),CareYaya Health Technologies,"Austin, TX","Job at CareYaya Health Technologies in Austin, TX.",https://www.linkedin.com/jobs/view/software-engineer-swe-at-careyaya-health-technologies-4250488952?position=10&pageNum=0&refId=l4lYan1wBBcEr1%2F0%2Fbsxkw%3D%3D&trackingId=hUQ3OJyu5l8Ow%2B%2BKSErwYA%3D%3D,
[Full Remote] Junior Developer Front-End (Desenvolvedor Front-End JÃºnior),Joinrs Brasil,Brazil,Job at Joinrs Brasil in Brazil.,https://br.linkedin.com/jobs/view/full-remote-junior-developer-front-end-desenvolvedor-front-end-j%C3%BAnior-at-joinrs-brasil-4251604599?position=1&pageNum=0&refId=KK%2BC9nV3HIHIMihHRRsxtg%3D%3D&trackingId=VvLTHzv6%2BAz%2FNPuj2GJJ2Q%3D%3D,
Junior UI Developer,Blue Signal Search,United States,Job at Blue Signal Search in United States.,https://www.linkedin.com/jobs/view/junior-ui-developer-at-blue-signal-search-4248474966?position=2&pageNum=0&refId=KK%2BC9nV3HIHIMihHRRsxtg%3D%3D&trackingId=GP0sC19n87zcN0o%2BjxBmwA%3D%3D,
HTML CSS Developer Apprentice,Innovate Solutions,India,Job at Innovate Solutions in India.,https://in.linkedin.com/jobs/view/html-css-developer-apprentice-at-innovate-solutions-4252984634?position=3&pageNum=0&refId=KK%2BC9nV3HIHIMihHRRsxtg%3D%3D&trackingId=HhskHa6Odj9bdV21vXvZhw%3D%3D,
Pessoa desenvolvedora frontend junior sympla express,Netvagas,Brazil,Job at Netvagas in Brazil.,https://br.linkedin.com/jobs/view/pessoa-desenvolvedora-frontend-junior-sympla-express-at-netvagas-4251249069?position=4&pageNum=0&refId=KK%2BC9nV3HIHIMihHRRsxtg%3D%3D&trackingId=f1Lncv9KDmU3Q0DiOyfs8Q%3D%3D,
Front-End Developer,Spiralyze,"Hyderabad, Telangana, India","Job at Spiralyze in Hyderabad, Telangana, India.",https://in.linkedin.com/jobs/view/front-end-developer-at-spiralyze-4251828426?position=5&pageNum=0&refId=KK%2BC9nV3HIHIMihHRRsxtg%3D%3D&trackingId=MRboaaVHZYFvzkd%2FVfPd%2BQ%3D%3D,
UI Developer,Infosys,"Bengaluru East, Karnataka, India","Job at Infosys in Bengaluru East, Karnataka, India.",https://in.linkedin.com/jobs/view/ui-developer-at-infosys-4236267976?position=6&pageNum=0&refId=KK%2BC9nV3HIHIMihHRRsxtg%3D%3D&trackingId=g9%2FQ%2FV%2B9wAL1BOPkWUf9Xg%3D%3D,
Frontend Developer Trainee,Innovate Solutions,India,Job at Innovate Solutions in India.,https://in.linkedin.com/jobs/view/frontend-developer-trainee-at-innovate-solutions-4252983537?position=7&pageNum=0&refId=KK%2BC9nV3HIHIMihHRRsxtg%3D%3D&trackingId=aAwfAD2sNNTYFDGlNfSDhQ%3D%3D,
Junior Front-End Developer (React),Herzum,"Rome, Latium, Italy","Job at Herzum in Rome, Latium, Italy.",https://it.linkedin.com/jobs/view/junior-front-end-developer-react-at-herzum-4251515202?position=8&pageNum=0&refId=KK%2BC9nV3HIHIMihHRRsxtg%3D%3D&trackingId=kpyxy5WP8iZCXmSqUnDCZA%3D%3D,
Fresh Graduate UI Developer,Ecom Experts | Shopify Plus Agency,India,Job at Ecom Experts | Shopify Plus Agency in India.,https://in.linkedin.com/jobs/view/fresh-graduate-ui-developer-at-ecom-experts-shopify-plus-agency-4243620694?position=9&pageNum=0&refId=KK%2BC9nV3HIHIMihHRRsxtg%3D%3D&trackingId=kOJKU3DT6P97UpKmexOAUg%3D%3D,
UI DEVELOPER,Terralogic,"Bengaluru, Karnataka, India","Job at Terralogic in Bengaluru, Karnataka, India.",https://in.linkedin.com/jobs/view/ui-developer-at-terralogic-4225176815?position=10&pageNum=0&refId=KK%2BC9nV3HIHIMihHRRsxtg%3D%3D&trackingId=cKimdQgACwG1atMzu2gmpg%3D%3D,
Front End Engineer,Imprint,"Seattle, WA","Job at Imprint in Seattle, WA.",https://www.linkedin.com/jobs/view/front-end-engineer-at-imprint-4244424792?position=1&pageNum=0&refId=8w7QXmAG671bwtmeOEp%2Fmg%3D%3D&trackingId=taDqQC4obAs6WP7U1fISbw%3D%3D,
Frontend Software Engineer Graduate (Global E-commerce-US) - 2025 Start (BS/MS),ByteDance,"Seattle, WA","Job at ByteDance in Seattle, WA.",https://www.linkedin.com/jobs/view/frontend-software-engineer-graduate-global-e-commerce-us-2025-start-bs-ms-at-bytedance-4078783732?position=2&pageNum=0&refId=8w7QXmAG671bwtmeOEp%2Fmg%3D%3D&trackingId=71LigL9FXFHJCBG%2B931Z6Q%3D%3D,
"Frontend Staff Engineer, Slack",Slack,"Seattle, WA","Job at Slack in Seattle, WA.",https://www.linkedin.com/jobs/view/frontend-staff-engineer-slack-at-slack-4251817213?position=3&pageNum=0&refId=8w7QXmAG671bwtmeOEp%2Fmg%3D%3D&trackingId=JPARVMaCGRhRcmpcqFPC9Q%3D%3D,
Frontend Engineer,Read AI,"Seattle, WA","Job at Read AI in Seattle, WA.",https://www.linkedin.com/jobs/view/frontend-engineer-at-read-ai-4207087729?position=4&pageNum=0&refId=8w7QXmAG671bwtmeOEp%2Fmg%3D%3D&trackingId=sq8MQMskKjNagVeGGMCSgQ%3D%3D,
Frontend Software Engineer,Snowflake,"Bellevue, WA","Job at Snowflake in Bellevue, WA.",https://www.linkedin.com/jobs/view/frontend-software-engineer-at-snowflake-4205336954?position=5&pageNum=0&refId=8w7QXmAG671bwtmeOEp%2Fmg%3D%3D&trackingId=vhPQypeV2ZSRr2LFM%2FPG2Q%3D%3D,
"Front-End Engineer, Pets",Amazon,"Seattle, WA","Job at Amazon in Seattle, WA.",https://www.linkedin.com/jobs/view/front-end-engineer-pets-at-amazon-4210032320?position=6&pageNum=0&refId=8w7QXmAG671bwtmeOEp%2Fmg%3D%3D&trackingId=ef9afr%2FX%2BRKQVnh81IiySg%3D%3D,
Front-End Engineer (US),Amazon,"Seattle, WA","Job at Amazon in Seattle, WA.",https://www.linkedin.com/jobs/view/front-end-engineer-us-at-amazon-4252514335?position=7&pageNum=0&refId=8w7QXmAG671bwtmeOEp%2Fmg%3D%3D&trackingId=JsVEiqTJ6IWOKTCBCFtv1A%3D%3D,
Front-End R&D Engineer-Entry Level,Philips,"Bothell, WA","Job at Philips in Bothell, WA.",https://www.linkedin.com/jobs/view/front-end-r-d-engineer-entry-level-at-philips-4249963313?position=8&pageNum=0&refId=8w7QXmAG671bwtmeOEp%2Fmg%3D%3D&trackingId=bFa3MVjbJzWdSZK%2BQYrl6w%3D%3D,
MathGPT Frontend Engineer,Mathos AI,"Seattle, WA","Job at Mathos AI in Seattle, WA.",https://www.linkedin.com/jobs/view/mathgpt-frontend-engineer-at-mathos-ai-4230084015?position=9&pageNum=0&refId=8w7QXmAG671bwtmeOEp%2Fmg%3D%3D&trackingId=3aoVNji9P11tj16kRLGQfA%3D%3D,
Front-End R&D Engineer-Entry Level,Philips Imaging,"Bothell, WA","Job at Philips Imaging in Bothell, WA.",https://www.linkedin.com/jobs/view/front-end-r-d-engineer-entry-level-at-philips-imaging-4251537283?position=10&pageNum=0&refId=8w7QXmAG671bwtmeOEp%2Fmg%3D%3D&trackingId=HTrpzz5yhZvPQTgxYENGfA%3D%3D,
Junior Software Developer,University of York - Computer Science,"York, IL","Job at University of York - Computer Science in York, IL.",https://www.linkedin.com/jobs/view/junior-software-developer-at-university-of-york-computer-science-4236305998?position=1&pageNum=0&refId=1Wl9%2FjPwFWrYp6RNS8SSVg%3D%3D&trackingId=69YavPxa%2BSr2ru4VMjEhJQ%3D%3D,
Jr. Software Engineer,NetSfere,"Chicago, IL","Job at NetSfere in Chicago, IL.",https://www.linkedin.com/jobs/view/jr-software-engineer-at-netsfere-4099688625?position=2&pageNum=0&refId=1Wl9%2FjPwFWrYp6RNS8SSVg%3D%3D&trackingId=kjowHYZleRRHV25lTFyMHQ%3D%3D,
Jr. Software Engineer,NetSfere,"Chicago, IL","Job at NetSfere in Chicago, IL.",https://www.linkedin.com/jobs/view/jr-software-engineer-at-netsfere-4099692134?position=3&pageNum=0&refId=1Wl9%2FjPwFWrYp6RNS8SSVg%3D%3D&trackingId=2%2FojIMXh1Al4dFrcCu%2FXDw%3D%3D,
"Software Engineer, New Grad & Junior",Jobright.ai,"Chicago, IL","Job at Jobright.ai in Chicago, IL.",https://www.linkedin.com/jobs/view/software-engineer-new-grad-junior-at-jobright-ai-4252392693?position=4&pageNum=0&refId=1Wl9%2FjPwFWrYp6RNS8SSVg%3D%3D&trackingId=zJ8L4iebfMKnEUmhaIJiyg%3D%3D,
Junior Software Development Engineer in Test (SDET),HOPPR,"Chicago, IL","Job at HOPPR in Chicago, IL.",https://www.linkedin.com/jobs/view/junior-software-development-engineer-in-test-sdet-at-hoppr-4251314948?position=5&pageNum=0&refId=1Wl9%2FjPwFWrYp6RNS8SSVg%3D%3D&trackingId=eBQ7pKNZ3YxOETKjWzZovw%3D%3D,
Frontend Developer,Forbes Technical Consulting,"Chicago, IL","Job at Forbes Technical Consulting in Chicago, IL.",https://www.linkedin.com/jobs/view/frontend-developer-at-forbes-technical-consulting-4246713403?position=6&pageNum=0&refId=1Wl9%2FjPwFWrYp6RNS8SSVg%3D%3D&trackingId=HdUxqRxNSadhNTIhr1MJqw%3D%3D,
Web Developer (Front-End),EverPass Media,"Chicago, IL","Job at EverPass Media in Chicago, IL.",https://www.linkedin.com/jobs/view/web-developer-front-end-at-everpass-media-4211600463?position=7&pageNum=0&refId=1Wl9%2FjPwFWrYp6RNS8SSVg%3D%3D&trackingId=gu4VEz4ssHwwU0u%2BD6OeAA%3D%3D,
Front-End Web Developer,PeopleCaddie,"Chicago, IL","Job at PeopleCaddie in Chicago, IL.",https://www.linkedin.com/jobs/view/front-end-web-developer-at-peoplecaddie-4250008879?position=8&pageNum=0&refId=1Wl9%2FjPwFWrYp6RNS8SSVg%3D%3D&trackingId=N95kvgM9e3tzw2AkK%2BvbKA%3D%3D,
Web Developer,DataAnnotation,"Chicago, IL","Job at DataAnnotation in Chicago, IL.",https://www.linkedin.com/jobs/view/web-developer-at-dataannotation-4127808200?position=9&pageNum=0&refId=1Wl9%2FjPwFWrYp6RNS8SSVg%3D%3D&trackingId=r4jfgJtSMlgO7wHqNaKhag%3D%3D,
Web Developer,Canonical,"Chicago, IL","Job at Canonical in Chicago, IL.",https://www.linkedin.com/jobs/view/web-developer-at-canonical-4182146250?position=10&pageNum=0&refId=1Wl9%2FjPwFWrYp6RNS8SSVg%3D%3D&trackingId=d8%2FgTZzZCCk%2FyB0lwcHrnA%3D%3D,
Associate Director - Backend Developer Data Room (Lyra),"Apollo Global Management, Inc.",Mumbai Metropolitan Region,"Job at Apollo Global Management, Inc. in Mumbai Metropolitan Region.",https://in.linkedin.com/jobs/view/associate-director-backend-developer-data-room-lyra-at-apollo-global-management-inc-4214457440?position=1&pageNum=0&refId=n5Mn2poGlRZBit2k3%2FDNKg%3D%3D&trackingId=0U9Ji08avszJgNMT8qgmfA%3D%3D,
BCN Labs_ Associate - Front end developer,Tech Economy,"Bengaluru, Karnataka, India","Job at Tech Economy in Bengaluru, Karnataka, India.",https://in.linkedin.com/jobs/view/bcn-labs-associate-front-end-developer-at-tech-economy-4248563526?position=2&pageNum=0&refId=n5Mn2poGlRZBit2k3%2FDNKg%3D%3D&trackingId=cCFjsVZFHK3qRUXqaPvhFw%3D%3D,
Associate Full Stack Quality Developer (f/m/d),SAP,"Berlin, Berlin, Germany","Job at SAP in Berlin, Berlin, Germany.",https://de.linkedin.com/jobs/view/associate-full-stack-quality-developer-f-m-d-at-sap-4246280764?position=3&pageNum=0&refId=n5Mn2poGlRZBit2k3%2FDNKg%3D%3D&trackingId=sjM%2Bu97JkdmanZ%2F9IYwTpw%3D%3D,
Senior DevOps-Backend Engineer (Java/AWS) (Remote),CashJar.com,"Manila, National Capital Region, Philippines","Job at CashJar.com in Manila, National Capital Region, Philippines.",https://ph.linkedin.com/jobs/view/senior-devops-backend-engineer-java-aws-remote-at-cashjar-com-4249381727?position=4&pageNum=0&refId=n5Mn2poGlRZBit2k3%2FDNKg%3D%3D&trackingId=sT2HOJilZ%2F%2BafOnVYZhs%2FA%3D%3D,
Associate Full Stack Quality Developer (f/m/d),SAP,"Berlin, Berlin, Germany","Job at SAP in Berlin, Berlin, Germany.",https://de.linkedin.com/jobs/view/associate-full-stack-quality-developer-f-m-d-at-sap-4246277967?position=5&pageNum=0&refId=n5Mn2poGlRZBit2k3%2FDNKg%3D%3D&trackingId=8HKaTzaZlLz6tFTe6KJKFA%3D%3D,
Associate Full Stack Developer (f/m/d) Node.JS and Angular,SAP,"Berlin, Berlin, Germany","Job at SAP in Berlin, Berlin, Germany.",https://de.linkedin.com/jobs/view/associate-full-stack-developer-f-m-d-node-js-and-angular-at-sap-4251198679?position=6&pageNum=0&refId=n5Mn2poGlRZBit2k3%2FDNKg%3D%3D&trackingId=TsgjG9NHYuVSFzhs5OHkWA%3D%3D,
SAP BTP Developer,DXC Technology,Philippines,Job at DXC Technology in Philippines.,https://ph.linkedin.com/jobs/view/sap-btp-developer-at-dxc-technology-4248208882?position=7&pageNum=0&refId=n5Mn2poGlRZBit2k3%2FDNKg%3D%3D&trackingId=ykqzg%2FaoSx%2Bo79H1tLKD6g%3D%3D,
Associate Developer - Smartly,Datacom,"Auckland, Auckland, New Zealand","Job at Datacom in Auckland, Auckland, New Zealand.",https://nz.linkedin.com/jobs/view/associate-developer-smartly-at-datacom-4244891996?position=8&pageNum=0&refId=n5Mn2poGlRZBit2k3%2FDNKg%3D%3D&trackingId=JPRKzSwFQIqf5yVQXXgdVQ%3D%3D,
SAP BTP Platform Engineer,DXC Technology,Philippines,Job at DXC Technology in Philippines.,https://ph.linkedin.com/jobs/view/sap-btp-platform-engineer-at-dxc-technology-4240529667?position=9&pageNum=0&refId=n5Mn2poGlRZBit2k3%2FDNKg%3D%3D&trackingId=vHuy8sTZZtzAhTHiRrUdyw%3D%3D,
Backend Developer / FSD - Associate,Deutsche Bank,"Pune, Maharashtra, India","Job at Deutsche Bank in Pune, Maharashtra, India.",https://in.linkedin.com/jobs/view/backend-developer-fsd-associate-at-deutsche-bank-4240125846?position=10&pageNum=0&refId=n5Mn2poGlRZBit2k3%2FDNKg%3D%3D&trackingId=Vg9jN%2FUAwNTxr7O0gl0obw%3D%3D,
Front End Developer,Morgan Stanley,"New York, NY","Job at Morgan Stanley in New York, NY.",https://www.linkedin.com/jobs/view/front-end-developer-at-morgan-stanley-4233506747?position=1&pageNum=0&refId=h9E79r1XSVwHgxrcVqjfNQ%3D%3D&trackingId=ZK%2FFFNfCfNb07LVdtFBQIA%3D%3D,
Full Stack Engineer,ReadMe,"New York, NY","Job at ReadMe in New York, NY.",https://www.linkedin.com/jobs/view/full-stack-engineer-at-readme-4143858971?position=2&pageNum=0&refId=h9E79r1XSVwHgxrcVqjfNQ%3D%3D&trackingId=P1GU47%2BvzkIdMN%2FX0i5HEA%3D%3D,
Frontend Engineer,Ritual,"New York, NY","Job at Ritual in New York, NY.",https://www.linkedin.com/jobs/view/frontend-engineer-at-ritual-4116014122?position=3&pageNum=0&refId=h9E79r1XSVwHgxrcVqjfNQ%3D%3D&trackingId=58q0Ldulfk3DOmeIimksjg%3D%3D,
React JS Developer (Full Time) - 100% Remote,"The Dignify Solutions, LLC","New York, NY","Job at The Dignify Solutions, LLC in New York, NY.",https://www.linkedin.com/jobs/view/react-js-developer-full-time-100%25-remote-at-the-dignify-solutions-llc-4243386422?position=4&pageNum=0&refId=h9E79r1XSVwHgxrcVqjfNQ%3D%3D&trackingId=3%2FGn09J0Dz7lo4j3vVCINQ%3D%3D,
Junior Full Stack Engineer,Shields Group Search,New York City Metropolitan Area,Job at Shields Group Search in New York City Metropolitan Area.,https://www.linkedin.com/jobs/view/junior-full-stack-engineer-at-shields-group-search-4233753246?position=5&pageNum=0&refId=h9E79r1XSVwHgxrcVqjfNQ%3D%3D&trackingId=On0MOcYE4GtvrYIzucgDcA%3D%3D,
Software Engineer - Web Full-Stack,Firsthand,"New York, NY","Job at Firsthand in New York, NY.",https://www.linkedin.com/jobs/view/software-engineer-web-full-stack-at-firsthand-4225172594?position=6&pageNum=0&refId=h9E79r1XSVwHgxrcVqjfNQ%3D%3D&trackingId=Zq7oScRobrMp5G90SnQzTg%3D%3D,
FULL-STACK DEVELOPER,Five Blocks,"New York, NY","Job at Five Blocks in New York, NY.",https://www.linkedin.com/jobs/view/full-stack-developer-at-five-blocks-4253092086?position=7&pageNum=0&refId=h9E79r1XSVwHgxrcVqjfNQ%3D%3D&trackingId=aE8BSm%2B9mnnkPSyS6OKjWQ%3D%3D,
Full Stack Engineer,Roboflow,"New York, NY","Job at Roboflow in New York, NY.",https://www.linkedin.com/jobs/view/full-stack-engineer-at-roboflow-3816733441?position=8&pageNum=0&refId=h9E79r1XSVwHgxrcVqjfNQ%3D%3D&trackingId=q8Vm0faqUSSTcCEZest1Og%3D%3D,
"Software Engineer, Mail (Frontend)",Notion,"New York, NY","Job at Notion in New York, NY.",https://www.linkedin.com/jobs/view/software-engineer-mail-frontend-at-notion-4240820263?position=9&pageNum=0&refId=h9E79r1XSVwHgxrcVqjfNQ%3D%3D&trackingId=OHtAzA4RaZWQjTzInU%2BmcQ%3D%3D,
Full Stack Engineer,Thesis,"New York, NY","Job at Thesis in New York, NY.",https://www.linkedin.com/jobs/view/full-stack-engineer-at-thesis-4213972226?position=10&pageNum=0&refId=h9E79r1XSVwHgxrcVqjfNQ%3D%3D&trackingId=J13zuLKrUIc9ntkrOPFaIg%3D%3D,
Full Stack Developer - Entry Level,Ricochet360,"El Segundo, CA","Job at Ricochet360 in El Segundo, CA.",https://www.linkedin.com/jobs/view/full-stack-developer-entry-level-at-ricochet360-4237854860?position=1&pageNum=0&refId=1kEqIGGLzkzsSjNdaEL2hA%3D%3D&trackingId=qggoTsjgP3r4eGqT5sIRKQ%3D%3D,
Interesting Job Opportunity: Frontend Developer - React.js,GRK Info Services Pvt Ltd,"Delhi, Delhi, India","Job at GRK Info Services Pvt Ltd in Delhi, Delhi, India.",https://in.linkedin.com/jobs/view/interesting-job-opportunity-frontend-developer-react-js-at-grk-info-services-pvt-ltd-4229376032?position=2&pageNum=0&refId=1kEqIGGLzkzsSjNdaEL2hA%3D%3D&trackingId=2bNOZFWWg43nskiW0k4tZw%3D%3D,
Jr. React Developer,WebFX,"Ann Arbor, MI","Job at WebFX in Ann Arbor, MI.",https://www.linkedin.com/jobs/view/jr-react-developer-at-webfx-4198377280?position=3&pageNum=0&refId=1kEqIGGLzkzsSjNdaEL2hA%3D%3D&trackingId=P%2Feme4hfAwyUVBtHYLV98Q%3D%3D,
Jr. Front-End Web Developer,WebFX,"Ann Arbor, MI","Job at WebFX in Ann Arbor, MI.",https://www.linkedin.com/jobs/view/jr-front-end-web-developer-at-webfx-4198375413?position=4&pageNum=0&refId=1kEqIGGLzkzsSjNdaEL2hA%3D%3D&trackingId=mNANUqMZABe4vGtEieiv0Q%3D%3D,
Software Engineer - Fullstack (Entry-Level),Truveta,Greater Seattle Area,Job at Truveta in Greater Seattle Area.,https://www.linkedin.com/jobs/view/software-engineer-fullstack-entry-level-at-truveta-4234494443?position=5&pageNum=0&refId=1kEqIGGLzkzsSjNdaEL2hA%3D%3D&trackingId=fgvNVya1X7YuX1j%2B6ZWjvg%3D%3D,
Frontend Developer,trax.co ðŸ‡¨ðŸ‡¦,"Toronto, Ontario, Canada","Job at trax.co ðŸ‡¨ðŸ‡¦ in Toronto, Ontario, Canada.",https://ca.linkedin.com/jobs/view/frontend-developer-at-trax-co-%F0%9F%87%A8%F0%9F%87%A6-4250987992?position=6&pageNum=0&refId=1kEqIGGLzkzsSjNdaEL2hA%3D%3D&trackingId=QzoFtNlkHq9S9xuxXpB%2BwQ%3D%3D,
Junior Full-stack Developer (React.js + PHP),scandiweb,"Amman, Amman, Jordan","Job at scandiweb in Amman, Amman, Jordan.",https://jo.linkedin.com/jobs/view/junior-full-stack-developer-react-js-%2B-php-at-scandiweb-4126147795?position=7&pageNum=0&refId=1kEqIGGLzkzsSjNdaEL2hA%3D%3D&trackingId=uCuv2uMPe4vPBqDzJAKahA%3D%3D,
Junior Full-stack Developer (React.js + PHP),scandiweb,Egypt,Job at scandiweb in Egypt.,https://eg.linkedin.com/jobs/view/junior-full-stack-developer-react-js-%2B-php-at-scandiweb-4103902311?position=8&pageNum=0&refId=1kEqIGGLzkzsSjNdaEL2hA%3D%3D&trackingId=cjFxkKNbToPDjyWVcR%2FNIw%3D%3D,
Junior Full-stack Developer (React.js + PHP),scandiweb,Jordan,Job at scandiweb in Jordan.,https://jo.linkedin.com/jobs/view/junior-full-stack-developer-react-js-%2B-php-at-scandiweb-4124667269?position=9&pageNum=0&refId=1kEqIGGLzkzsSjNdaEL2hA%3D%3D&trackingId=Qa5v69qe9o3XB8IefkENhw%3D%3D,
Frontend Developer,eranova,"Charlotte, NC","Job at eranova in Charlotte, NC.",https://www.linkedin.com/jobs/view/frontend-developer-at-eranova-4206542730?position=10&pageNum=0&refId=1kEqIGGLzkzsSjNdaEL2hA%3D%3D&trackingId=XjV53ZTUZp0xFPxtnMU46Q%3D%3D,
Full-Stack Web Developer,"VeilSun, Inc.","Denver, CO","Job at VeilSun, Inc. in Denver, CO.",https://www.linkedin.com/jobs/view/full-stack-web-developer-at-veilsun-inc-4089780497?position=1&pageNum=0&refId=NU6D2mHv7oFXrBahrpuGsA%3D%3D&trackingId=ucwOHSQxqhyXDHXa66UPCA%3D%3D,
Full-Stack Software Engineer,AidKit,"Denver, CO","Job at AidKit in Denver, CO.",https://www.linkedin.com/jobs/view/full-stack-software-engineer-at-aidkit-4238846773?position=2&pageNum=0&refId=NU6D2mHv7oFXrBahrpuGsA%3D%3D&trackingId=o4neC%2FNkgfZTEW05K%2F1yJw%3D%3D,
Full Stack Engineer â€” Front End Focused,CommonThread AI,"Denver, CO","Job at CommonThread AI in Denver, CO.",https://www.linkedin.com/jobs/view/full-stack-engineer-%E2%80%94-front-end-focused-at-commonthread-ai-4167197110?position=3&pageNum=0&refId=NU6D2mHv7oFXrBahrpuGsA%3D%3D&trackingId=4ex5U25UmdETbWRdXkxheg%3D%3D,
Full-Stack Software Engineer,WorkBright,"Denver, CO","Job at WorkBright in Denver, CO.",https://www.linkedin.com/jobs/view/full-stack-software-engineer-at-workbright-4219099988?position=4&pageNum=0&refId=NU6D2mHv7oFXrBahrpuGsA%3D%3D&trackingId=%2BKZIvkUPSjEen1FapokRLA%3D%3D,
Full Stack Developer - Mendix Expertise,"VeilSun, Inc.","Denver, CO","Job at VeilSun, Inc. in Denver, CO.",https://www.linkedin.com/jobs/view/full-stack-developer-mendix-expertise-at-veilsun-inc-4142446529?position=5&pageNum=0&refId=NU6D2mHv7oFXrBahrpuGsA%3D%3D&trackingId=%2FODelWzVMF%2BlWUKJPgme6w%3D%3D,
Frontend Developer,DataAnnotation,Denver Metropolitan Area,Job at DataAnnotation in Denver Metropolitan Area.,https://www.linkedin.com/jobs/view/frontend-developer-at-dataannotation-4134216991?position=6&pageNum=0&refId=NU6D2mHv7oFXrBahrpuGsA%3D%3D&trackingId=ABE9nIgYXAWF2yqYjKUeaw%3D%3D,
Frontend Software Engineer,Candid Health,"Denver, CO","Job at Candid Health in Denver, CO.",https://www.linkedin.com/jobs/view/frontend-software-engineer-at-candid-health-4034137301?position=7&pageNum=0&refId=NU6D2mHv7oFXrBahrpuGsA%3D%3D&trackingId=bvPtbLS3MhPfvsVNWCNF6Q%3D%3D,
Software Engineer (Frontend) - TrainingPeaks,"Peaksware Holdings, LLC","Louisville, CO","Job at Peaksware Holdings, LLC in Louisville, CO.",https://www.linkedin.com/jobs/view/software-engineer-frontend-trainingpeaks-at-peaksware-holdings-llc-4248814583?position=8&pageNum=0&refId=NU6D2mHv7oFXrBahrpuGsA%3D%3D&trackingId=qAhGi8KuwTvIkVDudR3mIw%3D%3D,
Full-Stack React/Node.js Developer (ON-SITE),Ringy,"Denver, CO","Job at Ringy in Denver, CO.",https://www.linkedin.com/jobs/view/full-stack-react-node-js-developer-on-site-at-ringy-4245792115?position=9&pageNum=0&refId=NU6D2mHv7oFXrBahrpuGsA%3D%3D&trackingId=e1WfdLhvI0thqFnLqEQKdQ%3D%3D,
Front End React Developer,Kforce Inc,"Englewood, CO","Job at Kforce Inc in Englewood, CO.",https://www.linkedin.com/jobs/view/front-end-react-developer-at-kforce-inc-4252866369?position=10&pageNum=0&refId=NU6D2mHv7oFXrBahrpuGsA%3D%3D&trackingId=Z7rY4rxKhE%2B8BaSlMSeMoQ%3D%3D,
"Machine Learning Intern, Fall 2025",Netflix,"Los Gatos, CA","Job at Netflix in Los Gatos, CA.",https://www.linkedin.com/jobs/view/machine-learning-intern-fall-2025-at-netflix-4212084336?position=1&pageNum=0&refId=w05n0chBEIq2Or1OOT2lGA%3D%3D&trackingId=Fgv9hMQ7HasYFnqvUjBcJw%3D%3D,
"ML Engineer, AI Robotics (Intern)",RoboForce,"Milpitas, CA","Job at RoboForce in Milpitas, CA.",https://www.linkedin.com/jobs/view/ml-engineer-ai-robotics-intern-at-roboforce-4250418618?position=2&pageNum=0&refId=w05n0chBEIq2Or1OOT2lGA%3D%3D&trackingId=RhRmNAoY%2Bal2iaJtZWLHZg%3D%3D,
DATA SCIENCE INTERNSHIP,Lensa,"Tallahassee, FL","Job at Lensa in Tallahassee, FL.",https://www.linkedin.com/jobs/view/data-science-internship-at-lensa-4250778881?position=3&pageNum=0&refId=w05n0chBEIq2Or1OOT2lGA%3D%3D&trackingId=mOkTz1gC4Vk7A59wpDnkLw%3D%3D,
Point72 Quantitative Research Intern,Point72,"New York, United States","Job at Point72 in New York, United States.",https://www.linkedin.com/jobs/view/point72-quantitative-research-intern-at-point72-3617974435?position=4&pageNum=0&refId=w05n0chBEIq2Or1OOT2lGA%3D%3D&trackingId=Jep%2FjBzm%2Fmx1Dno4yyc0Dw%3D%3D,
Internship - AI Software Engineer,Lensa,"Long Beach, CA","Job at Lensa in Long Beach, CA.",https://www.linkedin.com/jobs/view/internship-ai-software-engineer-at-lensa-4250781428?position=5&pageNum=0&refId=w05n0chBEIq2Or1OOT2lGA%3D%3D&trackingId=6T7AHuzaUoi0vjvojJFV9w%3D%3D,
Data Science Intern,Lensa,"New York, NY","Job at Lensa in New York, NY.",https://www.linkedin.com/jobs/view/data-science-intern-at-lensa-4250777999?position=6&pageNum=0&refId=w05n0chBEIq2Or1OOT2lGA%3D%3D&trackingId=xdz9%2BNsSN%2F21f2rNx2X3nA%3D%3D,
Artificial Intelligence Intern (Fall),PRGX Global Inc.,"Atlanta, GA","Job at PRGX Global Inc. in Atlanta, GA.",https://www.linkedin.com/jobs/view/artificial-intelligence-intern-fall-at-prgx-global-inc-4252894818?position=7&pageNum=0&refId=w05n0chBEIq2Or1OOT2lGA%3D%3D&trackingId=updQkEIJ8Q9KO9T%2BfFiGPA%3D%3D,
AI Intern,Lensa,"Irvine, CA","Job at Lensa in Irvine, CA.",https://www.linkedin.com/jobs/view/ai-intern-at-lensa-4250783493?position=8&pageNum=0&refId=w05n0chBEIq2Or1OOT2lGA%3D%3D&trackingId=lh2%2F%2B3nE%2F7qHQ7b2RrlU8A%3D%3D,
AI Engineer Intern,Lensa,"Boston, MA","Job at Lensa in Boston, MA.",https://www.linkedin.com/jobs/view/ai-engineer-intern-at-lensa-4250786322?position=9&pageNum=0&refId=w05n0chBEIq2Or1OOT2lGA%3D%3D&trackingId=cgTau18Ud%2FrfILQGhlbeRw%3D%3D,
Data Science Intern,Lensa,"Chicago, IL","Job at Lensa in Chicago, IL.",https://www.linkedin.com/jobs/view/data-science-intern-at-lensa-4250781509?position=10&pageNum=0&refId=w05n0chBEIq2Or1OOT2lGA%3D%3D&trackingId=dtu4MUArGEb2HU3zETszhA%3D%3D,
Simulator Engineer,Kairos Power,"Alameda, CA","Job at Kairos Power in Alameda, CA.",https://www.linkedin.com/jobs/view/simulator-engineer-at-kairos-power-4204280473?position=1&pageNum=0&refId=%2F9RoXWUjkNKhpyzZsoI4vA%3D%3D&trackingId=LIFemIgQlbG86yDZnHGvEA%3D%3D,
"Entry Level Software Engineer, application via RippleMatch",RippleMatch,"San Francisco, CA","Job at RippleMatch in San Francisco, CA.",https://www.linkedin.com/jobs/view/entry-level-software-engineer-application-via-ripplematch-at-ripplematch-4250612064?position=2&pageNum=0&refId=%2F9RoXWUjkNKhpyzZsoI4vA%3D%3D&trackingId=9OvjsIoK%2F094zkYHQBS5WQ%3D%3D,
Entry Level Programming Opportunity,Year Up United,"San Francisco, CA","Job at Year Up United in San Francisco, CA.",https://www.linkedin.com/jobs/view/entry-level-programming-opportunity-at-year-up-united-4209767470?position=3&pageNum=0&refId=%2F9RoXWUjkNKhpyzZsoI4vA%3D%3D&trackingId=xCUCVOTbm0DPfia%2B%2B0ZeZg%3D%3D,
"Software Engineer I, Entry-Level (Graduation Date: Fall 2024-Summer 2025)",DoorDash,"San Francisco, CA","Job at DoorDash in San Francisco, CA.",https://www.linkedin.com/jobs/view/software-engineer-i-entry-level-graduation-date-fall-2024-summer-2025-at-doordash-4235565430?position=4&pageNum=0&refId=%2F9RoXWUjkNKhpyzZsoI4vA%3D%3D&trackingId=U2sxnrsU4AVJ98MxVDyZcA%3D%3D,
Senior Research Associate/Scientist,"Frontage Laboratories, Inc","Hayward, CA","Job at Frontage Laboratories, Inc in Hayward, CA.",https://www.linkedin.com/jobs/view/senior-research-associate-scientist-at-frontage-laboratories-inc-4062338653?position=5&pageNum=0&refId=%2F9RoXWUjkNKhpyzZsoI4vA%3D%3D&trackingId=CgRWaL80s8No%2BF5a4GNnow%3D%3D,
Entry Level Programming Opportunity,Year Up United,"Pleasant Hill, CA","Job at Year Up United in Pleasant Hill, CA.",https://www.linkedin.com/jobs/view/entry-level-programming-opportunity-at-year-up-united-4211809991?position=6&pageNum=0&refId=%2F9RoXWUjkNKhpyzZsoI4vA%3D%3D&trackingId=Q1jhbFjWjobxHQjUkcQcbg%3D%3D,
Entry Level Java Developer,Glint Tech Solutions,"San Francisco, CA","Job at Glint Tech Solutions in San Francisco, CA.",https://www.linkedin.com/jobs/view/entry-level-java-developer-at-glint-tech-solutions-4251132400?position=7&pageNum=0&refId=%2F9RoXWUjkNKhpyzZsoI4vA%3D%3D&trackingId=ZqRD38v5HLS43IbnvepiKQ%3D%3D,
Member of the Technical Staff - AI,P-1 AI,"San Francisco, CA","Job at P-1 AI in San Francisco, CA.",https://www.linkedin.com/jobs/view/member-of-the-technical-staff-ai-at-p-1-ai-4243390539?position=8&pageNum=0&refId=%2F9RoXWUjkNKhpyzZsoI4vA%3D%3D&trackingId=T6%2B7jO7y5YndeL%2BStN1x5A%3D%3D,
"Software Engineer, Algorithms",Heartflow,"San Francisco, CA","Job at Heartflow in San Francisco, CA.",https://www.linkedin.com/jobs/view/software-engineer-algorithms-at-heartflow-4217740913?position=9&pageNum=0&refId=%2F9RoXWUjkNKhpyzZsoI4vA%3D%3D&trackingId=96QvZ5BvDCBYWzRfdnfTwg%3D%3D,
"Software Engineer, Algorithms",Heartflow,"San Francisco, CA","Job at Heartflow in San Francisco, CA.",https://www.linkedin.com/jobs/view/software-engineer-algorithms-at-heartflow-4217740921?position=10&pageNum=0&refId=%2F9RoXWUjkNKhpyzZsoI4vA%3D%3D&trackingId=6foNMC5TvbuacQHhTY8GJA%3D%3D,
AI/ML Developer,PwC Acceleration Centers,"Bengaluru, Karnataka, India","Job at PwC Acceleration Centers in Bengaluru, Karnataka, India.",https://in.linkedin.com/jobs/view/ai-ml-developer-at-pwc-acceleration-centers-4238469565?position=1&pageNum=0&refId=mEzAO2Q1CVKPy2KZaQf%2BEA%3D%3D&trackingId=VcfzW%2BRKZbcLXfIHT96yHw%3D%3D,
Software Engineer â€“ Python Gen AI,Persistent Systems,"Pune, Maharashtra, India","Job at Persistent Systems in Pune, Maharashtra, India.",https://in.linkedin.com/jobs/view/software-engineer-%E2%80%93-python-gen-ai-at-persistent-systems-4244673944?position=2&pageNum=0&refId=mEzAO2Q1CVKPy2KZaQf%2BEA%3D%3D&trackingId=Texm3Zk8qvqCiI4siV%2Flsw%3D%3D,
"Software Engineer, Machine Learning",Notion,"San Francisco, CA","Job at Notion in San Francisco, CA.",https://www.linkedin.com/jobs/view/software-engineer-machine-learning-at-notion-4250736028?position=3&pageNum=0&refId=mEzAO2Q1CVKPy2KZaQf%2BEA%3D%3D&trackingId=4Q%2B2X%2B19MxlUsXtuL5apTw%3D%3D,
Software/AI Engineer (New Grad),FurtherAI,"San Francisco, CA","Job at FurtherAI in San Francisco, CA.",https://www.linkedin.com/jobs/view/software-ai-engineer-new-grad-at-furtherai-4227981415?position=4&pageNum=0&refId=mEzAO2Q1CVKPy2KZaQf%2BEA%3D%3D&trackingId=HhfUroBdtqAardaEolC2xw%3D%3D,
AI/ML Engineer,CodeCraft Technologies Pvt Ltd,"Bengaluru, Karnataka, India","Job at CodeCraft Technologies Pvt Ltd in Bengaluru, Karnataka, India.",https://in.linkedin.com/jobs/view/ai-ml-engineer-at-codecraft-technologies-pvt-ltd-4252821568?position=5&pageNum=0&refId=mEzAO2Q1CVKPy2KZaQf%2BEA%3D%3D&trackingId=qpRq7lhy%2FDq5UpQEyrSEvQ%3D%3D,
Junior AI/ML Engineer,TensorOps,Portugal,Job at TensorOps in Portugal.,https://pt.linkedin.com/jobs/view/junior-ai-ml-engineer-at-tensorops-4236987082?position=6&pageNum=0&refId=mEzAO2Q1CVKPy2KZaQf%2BEA%3D%3D&trackingId=VLf6ljX10qvkMnUviofqdQ%3D%3D,
AI/ML Software Engineer,Vividly,United States,Job at Vividly in United States.,https://www.linkedin.com/jobs/view/ai-ml-software-engineer-at-vividly-4252860516?position=7&pageNum=0&refId=mEzAO2Q1CVKPy2KZaQf%2BEA%3D%3D&trackingId=uql5KiesST3Oy1IPfKJHMw%3D%3D,
AI ML Engineer,Qualcomm,"Hyderabad, Telangana, India","Job at Qualcomm in Hyderabad, Telangana, India.",https://in.linkedin.com/jobs/view/ai-ml-engineer-at-qualcomm-4186486613?position=8&pageNum=0&refId=mEzAO2Q1CVKPy2KZaQf%2BEA%3D%3D&trackingId=ncyk5OzskjHYhNr%2FSffVHg%3D%3D,
AI/ML Engineer,Veracity Software Inc,"New Jersey, United States","Job at Veracity Software Inc in New Jersey, United States.",https://www.linkedin.com/jobs/view/ai-ml-engineer-at-veracity-software-inc-4249138875?position=9&pageNum=0&refId=mEzAO2Q1CVKPy2KZaQf%2BEA%3D%3D&trackingId=o722hCHynYoAwrNl3ak8oA%3D%3D,
Artificial Intelligence Engineer (Fresh Grads),Emerson,"Mandaluyong, National Capital Region, Philippines","Job at Emerson in Mandaluyong, National Capital Region, Philippines.",https://ph.linkedin.com/jobs/view/artificial-intelligence-engineer-fresh-grads-at-emerson-4239947987?position=10&pageNum=0&refId=mEzAO2Q1CVKPy2KZaQf%2BEA%3D%3D&trackingId=8M3ZfwqMMG2ta6LdWAMJ3w%3D%3D,
Operating Room/Organ Preservation Technician,University Hospital,"Newark, NJ","Job at University Hospital in Newark, NJ.",https://www.linkedin.com/jobs/view/operating-room-organ-preservation-technician-at-university-hospital-4205004993?position=1&pageNum=0&refId=kI22TypDwn%2Fc8aektvonqQ%3D%3D&trackingId=94St0m4rAd5%2FBHz8ti0WMA%3D%3D,
"Physician Assistant, Per Diem",University Hospital,"Newark, NJ","Job at University Hospital in Newark, NJ.",https://www.linkedin.com/jobs/view/physician-assistant-per-diem-at-university-hospital-4205007311?position=2&pageNum=0&refId=kI22TypDwn%2Fc8aektvonqQ%3D%3D&trackingId=bBRNBVgGWUXnIup2o7kjyw%3D%3D,
"Physician Assistant, Per Diem",University Hospital,"Newark, NJ","Job at University Hospital in Newark, NJ.",https://www.linkedin.com/jobs/view/physician-assistant-per-diem-at-university-hospital-4205006846?position=3&pageNum=0&refId=kI22TypDwn%2Fc8aektvonqQ%3D%3D&trackingId=Xj%2BviJyu40c1xCDz75cCKw%3D%3D,
"Physician Assistant, Per Diem",University Hospital,"Newark, NJ","Job at University Hospital in Newark, NJ.",https://www.linkedin.com/jobs/view/physician-assistant-per-diem-at-university-hospital-4205006831?position=4&pageNum=0&refId=kI22TypDwn%2Fc8aektvonqQ%3D%3D&trackingId=hKQMlgE%2BPO3d7dXbOQRigw%3D%3D,
"Physician Assistant, Per Diem",University Hospital,"Newark, NJ","Job at University Hospital in Newark, NJ.",https://www.linkedin.com/jobs/view/physician-assistant-per-diem-at-university-hospital-4205004966?position=5&pageNum=0&refId=kI22TypDwn%2Fc8aektvonqQ%3D%3D&trackingId=j1%2FXzgA995zqLn4qS4p20g%3D%3D,
"Physician Assistant, Per Diem",University Hospital,"Newark, NJ","Job at University Hospital in Newark, NJ.",https://www.linkedin.com/jobs/view/physician-assistant-per-diem-at-university-hospital-4205003923?position=6&pageNum=0&refId=kI22TypDwn%2Fc8aektvonqQ%3D%3D&trackingId=73GTfo7ZhEDRWRtluuQWrQ%3D%3D,
"Physician Assistant - Otolaryngology, Head & Neck Surgery",University Hospital,"Newark, NJ","Job at University Hospital in Newark, NJ.",https://www.linkedin.com/jobs/view/physician-assistant-otolaryngology-head-neck-surgery-at-university-hospital-4208328872?position=7&pageNum=0&refId=kI22TypDwn%2Fc8aektvonqQ%3D%3D&trackingId=HDJ2FFwWP1hzNz6d%2BXgchA%3D%3D,
Advanced Clinical Practice Team Supervisor - R011657,VNS Health,"Bronx, NY","Job at VNS Health in Bronx, NY.",https://www.linkedin.com/jobs/view/advanced-clinical-practice-team-supervisor-r011657-at-vns-health-4025585825?position=8&pageNum=0&refId=kI22TypDwn%2Fc8aektvonqQ%3D%3D&trackingId=Qn76vaoKxcVzqhSgl84EKA%3D%3D,
Advanced Clinical Practice Team Supervisor - R010514,VNS Health,"Bronx, NY","Job at VNS Health in Bronx, NY.",https://www.linkedin.com/jobs/view/advanced-clinical-practice-team-supervisor-r010514-at-vns-health-3889553665?position=9&pageNum=0&refId=kI22TypDwn%2Fc8aektvonqQ%3D%3D&trackingId=n6gPWTnLHf014JFyZjHGhQ%3D%3D,
Data Analyst,Jobs for Humanity,"New York, NY","Job at Jobs for Humanity in New York, NY.",https://www.linkedin.com/jobs/view/data-analyst-at-jobs-for-humanity-4160121319?position=1&pageNum=0&refId=jFB5swFHAIR%2Bx4zKNLriPg%3D%3D&trackingId=JWKbysUQau%2B4l8%2BT9VQbww%3D%3D,
"Analyst, Analytics",Publicis Media,"New York, NY","Job at Publicis Media in New York, NY.",https://www.linkedin.com/jobs/view/analyst-analytics-at-publicis-media-4247366361?position=2&pageNum=0&refId=jFB5swFHAIR%2Bx4zKNLriPg%3D%3D&trackingId=k5kAVwNYNPqDSz36GEq7og%3D%3D,
"Analyst, Analytics",Starcom,"New York, NY","Job at Starcom in New York, NY.",https://www.linkedin.com/jobs/view/analyst-analytics-at-starcom-4214411986?position=3&pageNum=0&refId=jFB5swFHAIR%2Bx4zKNLriPg%3D%3D&trackingId=%2BkjQ8k5HmLzE693b9qPQnQ%3D%3D,
"Analyst, Analytics",Starcom Georgia,"New York, NY","Job at Starcom Georgia in New York, NY.",https://www.linkedin.com/jobs/view/analyst-analytics-at-starcom-georgia-4240816817?position=4&pageNum=0&refId=jFB5swFHAIR%2Bx4zKNLriPg%3D%3D&trackingId=pt2TNUYu8BT1OHbPVxgePQ%3D%3D,
Jr. Insights & Analytics Consultant,First & First Consulting,"Brooklyn, NY","Job at First & First Consulting in Brooklyn, NY.",https://www.linkedin.com/jobs/view/jr-insights-analytics-consultant-at-first-first-consulting-4240249431?position=5&pageNum=0&refId=jFB5swFHAIR%2Bx4zKNLriPg%3D%3D&trackingId=2aoBcPDs1RLIRQcvem2Osg%3D%3D,
Senior Data Analyst - Founding Team,Traba,"New York, NY","Job at Traba in New York, NY.",https://www.linkedin.com/jobs/view/senior-data-analyst-founding-team-at-traba-4213662260?position=6&pageNum=0&refId=jFB5swFHAIR%2Bx4zKNLriPg%3D%3D&trackingId=BwxTBzkK7Z7oZGXjz8cn9w%3D%3D,
Research Analyst,Customer Management Practice,New York City Metropolitan Area,Job at Customer Management Practice in New York City Metropolitan Area.,https://www.linkedin.com/jobs/view/research-analyst-at-customer-management-practice-4249942456?position=7&pageNum=0&refId=jFB5swFHAIR%2Bx4zKNLriPg%3D%3D&trackingId=1FCqL7Qmy55bhWnN2NmhMw%3D%3D,
Customer Success Analyst - Contract (6 months),Knotch,"New York, NY","Job at Knotch in New York, NY.",https://www.linkedin.com/jobs/view/customer-success-analyst-contract-6-months-at-knotch-4232193593?position=8&pageNum=0&refId=jFB5swFHAIR%2Bx4zKNLriPg%3D%3D&trackingId=kjEZygFUUbtJ4e0xJx55JQ%3D%3D,
Data Entry Clerk,AARATECH,"Queens, NY","Job at AARATECH in Queens, NY.",https://www.linkedin.com/jobs/view/data-entry-clerk-at-aaratech-4252720387?position=9&pageNum=0&refId=jFB5swFHAIR%2Bx4zKNLriPg%3D%3D&trackingId=h%2FhgZpkDxY1moZw13spALw%3D%3D,
Industry Research Analyst - NY,IBISWorld,"New York, NY","Job at IBISWorld in New York, NY.",https://www.linkedin.com/jobs/view/industry-research-analyst-ny-at-ibisworld-4242964509?position=10&pageNum=0&refId=jFB5swFHAIR%2Bx4zKNLriPg%3D%3D&trackingId=%2FfGNjKcSIQCSx%2BeTx0iG9w%3D%3D,
Business Analyst,Meds.com,Greater Chicago Area,Job at Meds.com in Greater Chicago Area.,https://www.linkedin.com/jobs/view/business-analyst-at-meds-com-4248321286?position=1&pageNum=0&refId=0C4KXcuEi%2BGupJemWOPQkg%3D%3D&trackingId=YAtLThvevE%2FjnTCwIjnbYg%3D%3D,
Business Analyst,Sunrise Foods International,"Chicago, IL","Job at Sunrise Foods International in Chicago, IL.",https://www.linkedin.com/jobs/view/business-analyst-at-sunrise-foods-international-4238100218?position=2&pageNum=0&refId=0C4KXcuEi%2BGupJemWOPQkg%3D%3D&trackingId=2HLrq1f9HlX9eWXJzIJC6g%3D%3D,
Business Analyst,The Office of Experience,"Chicago, IL","Job at The Office of Experience in Chicago, IL.",https://www.linkedin.com/jobs/view/business-analyst-at-the-office-of-experience-4236815882?position=3&pageNum=0&refId=0C4KXcuEi%2BGupJemWOPQkg%3D%3D&trackingId=VRY%2BxNj725YXeVZ6D8P%2FIA%3D%3D,
"Business Analyst â€“ Digital Commerce, Merchandising, and Analytics",Chamberlain Advisors,"Deerfield, IL","Job at Chamberlain Advisors in Deerfield, IL.",https://www.linkedin.com/jobs/view/business-analyst-%E2%80%93-digital-commerce-merchandising-and-analytics-at-chamberlain-advisors-4236012350?position=4&pageNum=0&refId=0C4KXcuEi%2BGupJemWOPQkg%3D%3D&trackingId=gvB4y4JbbY3PIrp8J4uEYg%3D%3D,
Business Analyst,Mitchell Martin Inc.,"Chicago, IL","Job at Mitchell Martin Inc. in Chicago, IL.",https://www.linkedin.com/jobs/view/business-analyst-at-mitchell-martin-inc-4242777067?position=5&pageNum=0&refId=0C4KXcuEi%2BGupJemWOPQkg%3D%3D&trackingId=C096nRCZ25gMn56TV9DGLQ%3D%3D,
Business Analyst,Tata Consultancy Services,"Chicago, IL","Job at Tata Consultancy Services in Chicago, IL.",https://www.linkedin.com/jobs/view/business-analyst-at-tata-consultancy-services-4252325887?position=6&pageNum=0&refId=0C4KXcuEi%2BGupJemWOPQkg%3D%3D&trackingId=nnwLoKHsWH2POSJuZhD3lg%3D%3D,
Business Analyst/Enterprise Data Management,Techstra Solutions,"Chicago, IL","Job at Techstra Solutions in Chicago, IL.",https://www.linkedin.com/jobs/view/business-analyst-enterprise-data-management-at-techstra-solutions-4198577014?position=7&pageNum=0&refId=0C4KXcuEi%2BGupJemWOPQkg%3D%3D&trackingId=1yvuMueKjgMhhBNmzGwVZQ%3D%3D,
Business Analyst,Okta,"Chicago, IL","Job at Okta in Chicago, IL.",https://www.linkedin.com/jobs/view/business-analyst-at-okta-4252726500?position=8&pageNum=0&refId=0C4KXcuEi%2BGupJemWOPQkg%3D%3D&trackingId=JDM0jRqvIaTYxuWeTOKHxw%3D%3D,
Business Analyst - National Remote,Lensa,"Schaumburg, IL","Job at Lensa in Schaumburg, IL.",https://www.linkedin.com/jobs/view/business-analyst-national-remote-at-lensa-4250784585?position=9&pageNum=0&refId=0C4KXcuEi%2BGupJemWOPQkg%3D%3D&trackingId=6fJUyBEZQmCTrFbGnHrvVQ%3D%3D,
Business Analyst,AARATECH,"Chicago, IL","Job at AARATECH in Chicago, IL.",https://www.linkedin.com/jobs/view/business-analyst-at-aaratech-4252982057?position=10&pageNum=0&refId=0C4KXcuEi%2BGupJemWOPQkg%3D%3D&trackingId=GtYBzqc4XIL9jD6ChnbzPA%3D%3D,
Junior Cloud  / Help Desk Tech,"Matrix MSP, LLC",Washington DC-Baltimore Area,"Job at Matrix MSP, LLC in Washington DC-Baltimore Area.",https://www.linkedin.com/jobs/view/junior-cloud-help-desk-tech-at-matrix-msp-llc-4197074156?position=1&pageNum=0&refId=GnIr4Lmxn%2BDFsa0%2B2fudCw%3D%3D&trackingId=3x9nJzlJXramYlHjvQelMw%3D%3D,
JR IT Associate,Stories of Tomorrow,"Leesburg, VA","Job at Stories of Tomorrow in Leesburg, VA.",https://www.linkedin.com/jobs/view/jr-it-associate-at-stories-of-tomorrow-4203418032?position=2&pageNum=0&refId=GnIr4Lmxn%2BDFsa0%2B2fudCw%3D%3D&trackingId=5O8Ge2AA5TC%2Bm8K83oMiUQ%3D%3D,
Cloud Engineer,Devis,"Arlington, VA","Job at Devis in Arlington, VA.",https://www.linkedin.com/jobs/view/cloud-engineer-at-devis-4216594570?position=3&pageNum=0&refId=GnIr4Lmxn%2BDFsa0%2B2fudCw%3D%3D&trackingId=jL8%2FbF52Z7zqcFn5XAMeSg%3D%3D,
Cloud Engineer,Chainbridge Solutions,"Fairfax, VA","Job at Chainbridge Solutions in Fairfax, VA.",https://www.linkedin.com/jobs/view/cloud-engineer-at-chainbridge-solutions-4247344851?position=4&pageNum=0&refId=GnIr4Lmxn%2BDFsa0%2B2fudCw%3D%3D&trackingId=jpxbLwXXE3jXif47V4SB5A%3D%3D,
Senior Cloud Support Operations Engineer II,Strategy,"Tysons Corner, VA","Job at Strategy in Tysons Corner, VA.",https://www.linkedin.com/jobs/view/senior-cloud-support-operations-engineer-ii-at-strategy-4240789987?position=5&pageNum=0&refId=GnIr4Lmxn%2BDFsa0%2B2fudCw%3D%3D&trackingId=w0RR4ZelHnG3a3RCMaV0yg%3D%3D,
Systems Engineer â€“ AWS Platform (Top Secret Clearance Required),Improvix Technologies,"Washington, DC","Job at Improvix Technologies in Washington, DC.",https://www.linkedin.com/jobs/view/systems-engineer-%E2%80%93-aws-platform-top-secret-clearance-required-at-improvix-technologies-4184053164?position=6&pageNum=0&refId=GnIr4Lmxn%2BDFsa0%2B2fudCw%3D%3D&trackingId=T40rzCsGHpH5PBqVabH46w%3D%3D,
AWS Engineer,Guidehouse,"McLean, VA","Job at Guidehouse in McLean, VA.",https://www.linkedin.com/jobs/view/aws-engineer-at-guidehouse-4231014581?position=7&pageNum=0&refId=GnIr4Lmxn%2BDFsa0%2B2fudCw%3D%3D&trackingId=k421ha33A5qUvdb4pHrJVw%3D%3D,
Senior I IT Analyst,Tetra Tech,"Washington, DC","Job at Tetra Tech in Washington, DC.",https://www.linkedin.com/jobs/view/senior-i-it-analyst-at-tetra-tech-4219179856?position=8&pageNum=0&refId=GnIr4Lmxn%2BDFsa0%2B2fudCw%3D%3D&trackingId=Bnn0GCqHyrIxMCuxJ59Dfw%3D%3D,
DevSecOps Engineer,iGov,"Fort Belvoir, VA","Job at iGov in Fort Belvoir, VA.",https://www.linkedin.com/jobs/view/devsecops-engineer-at-igov-4250731407?position=9&pageNum=0&refId=GnIr4Lmxn%2BDFsa0%2B2fudCw%3D%3D&trackingId=5gQdr29JOrupycZS5jTUJg%3D%3D,
Cloud Security Engineer,"Steampunk, Inc.","McLean, VA","Job at Steampunk, Inc. in McLean, VA.",https://www.linkedin.com/jobs/view/cloud-security-engineer-at-steampunk-inc-4231899934?position=10&pageNum=0&refId=GnIr4Lmxn%2BDFsa0%2B2fudCw%3D%3D&trackingId=aqU2p4RciCRU30WS3F5WUQ%3D%3D,
Cloud Deployment Engineer,Solas IT Recruitment,Ireland,Job at Solas IT Recruitment in Ireland.,https://ie.linkedin.com/jobs/view/cloud-deployment-engineer-at-solas-it-recruitment-4251718201?position=1&pageNum=0&refId=yMG62mqplc24mvdQsW9HNw%3D%3D&trackingId=G5uea5QcB%2F92K1Ka7Szm7A%3D%3D,
DevOps Lead - L1,Wipro,"Hyderabad, Telangana, India","Job at Wipro in Hyderabad, Telangana, India.",https://in.linkedin.com/jobs/view/devops-lead-l1-at-wipro-4252571271?position=2&pageNum=0&refId=yMG62mqplc24mvdQsW9HNw%3D%3D&trackingId=1O0DCLGIsAvWeFPwCy4j4Q%3D%3D,
OPERATIONS ENGINEER(DevOps)_EMOE0120PS,"Enterprise Minds, Inc","Bengaluru, Karnataka, India","Job at Enterprise Minds, Inc in Bengaluru, Karnataka, India.",https://in.linkedin.com/jobs/view/operations-engineer-devops-emoe0120ps-at-enterprise-minds-inc-4166270387?position=3&pageNum=0&refId=yMG62mqplc24mvdQsW9HNw%3D%3D&trackingId=LSH4PC%2B0HTixnEz4D0HAlA%3D%3D,
DevOps Lead - L1,Wipro,"Bengaluru, Karnataka, India","Job at Wipro in Bengaluru, Karnataka, India.",https://in.linkedin.com/jobs/view/devops-lead-l1-at-wipro-4251649384?position=4&pageNum=0&refId=yMG62mqplc24mvdQsW9HNw%3D%3D&trackingId=cWxYtHU7rqJFXH4VyWdemQ%3D%3D,
DevOps Lead - L1,Wipro,"Chennai, Tamil Nadu, India","Job at Wipro in Chennai, Tamil Nadu, India.",https://in.linkedin.com/jobs/view/devops-lead-l1-at-wipro-4253114077?position=5&pageNum=0&refId=yMG62mqplc24mvdQsW9HNw%3D%3D&trackingId=VB%2FUCDktIWy0IT3hp%2FeWNQ%3D%3D,
DevOps Lead - L1,Wipro,"Hyderabad, Telangana, India","Job at Wipro in Hyderabad, Telangana, India.",https://in.linkedin.com/jobs/view/devops-lead-l1-at-wipro-4253155961?position=6&pageNum=0&refId=yMG62mqplc24mvdQsW9HNw%3D%3D&trackingId=SK3WK4PplnXirEZhTyO%2Bug%3D%3D,
DevOps Lead - L1,Wipro,"Chennai, Tamil Nadu, India","Job at Wipro in Chennai, Tamil Nadu, India.",https://in.linkedin.com/jobs/view/devops-lead-l1-at-wipro-4253111428?position=7&pageNum=0&refId=yMG62mqplc24mvdQsW9HNw%3D%3D&trackingId=YRXWTulCeb6SUnkHfzAjww%3D%3D,
DevOps Lead,edari,"Dubai, United Arab Emirates","Job at edari in Dubai, United Arab Emirates.",https://ae.linkedin.com/jobs/view/devops-lead-at-edari-4251828511?position=8&pageNum=0&refId=yMG62mqplc24mvdQsW9HNw%3D%3D&trackingId=wrcXYVqWgviNN4OTuV1sog%3D%3D,
DevOps Lead - L2,Wipro,"Bengaluru, Karnataka, India","Job at Wipro in Bengaluru, Karnataka, India.",https://in.linkedin.com/jobs/view/devops-lead-l2-at-wipro-4251650309?position=9&pageNum=0&refId=yMG62mqplc24mvdQsW9HNw%3D%3D&trackingId=1pq%2FkjUypd6CMn3zQnF%2FjQ%3D%3D,
"Systems Engineer (Entry-level, Associate or Mid-Level)",Boeing,"Seattle, WA","Job at Boeing in Seattle, WA.",https://www.linkedin.com/jobs/view/systems-engineer-entry-level-associate-or-mid-level-at-boeing-4249960417?position=1&pageNum=0&refId=f%2FGyswsTP5O2W2JlTgJchg%3D%3D&trackingId=b6NNAWxrWMp0qjuZzFrRlA%3D%3D,
Systems Engineer Associate - Entry Level,Lockheed Martin,"Silverdale, WA","Job at Lockheed Martin in Silverdale, WA.",https://www.linkedin.com/jobs/view/systems-engineer-associate-entry-level-at-lockheed-martin-4251678514?position=2&pageNum=0&refId=f%2FGyswsTP5O2W2JlTgJchg%3D%3D&trackingId=RtNz9Rt%2BdXsg7I2qQxwMXQ%3D%3D,
Infrastructure Site Reliability Engineer (Entry Level) - USDS,TikTok,"Seattle, WA","Job at TikTok in Seattle, WA.",https://www.linkedin.com/jobs/view/infrastructure-site-reliability-engineer-entry-level-usds-at-tiktok-4249773763?position=3&pageNum=0&refId=f%2FGyswsTP5O2W2JlTgJchg%3D%3D&trackingId=c5Tb%2FeQH%2BjXgkFw7ng%2B0hw%3D%3D,
Software Engineer - Data Processing (Entry-Level),Truveta,Greater Seattle Area,Job at Truveta in Greater Seattle Area.,https://www.linkedin.com/jobs/view/software-engineer-data-processing-entry-level-at-truveta-4234116956?position=4&pageNum=0&refId=f%2FGyswsTP5O2W2JlTgJchg%3D%3D&trackingId=NRfY2CrnWx3OdTduPREmpA%3D%3D,
Software Engineer - Fullstack (Entry-Level),Truveta,Greater Seattle Area,Job at Truveta in Greater Seattle Area.,https://www.linkedin.com/jobs/view/software-engineer-fullstack-entry-level-at-truveta-4234494443?position=5&pageNum=0&refId=f%2FGyswsTP5O2W2JlTgJchg%3D%3D&trackingId=AE%2FKnehpvEkMZQgsNG7VOw%3D%3D,
Cloud Engineer,Epic,"Seattle, WA","Job at Epic in Seattle, WA.",https://www.linkedin.com/jobs/view/cloud-engineer-at-epic-4195238067?position=6&pageNum=0&refId=f%2FGyswsTP5O2W2JlTgJchg%3D%3D&trackingId=Nf%2FO%2FR26XBuwnw7HStH08g%3D%3D,
"Software Engineer I, Entry-Level (Graduation Date: Fall 2024-Summer 2025)",DoorDash,"Seattle, WA","Job at DoorDash in Seattle, WA.",https://www.linkedin.com/jobs/view/software-engineer-i-entry-level-graduation-date-fall-2024-summer-2025-at-doordash-4235563439?position=7&pageNum=0&refId=f%2FGyswsTP5O2W2JlTgJchg%3D%3D&trackingId=rbmusFse87JZpyCT1LB%2BFw%3D%3D,
Cloud Engineer,Epic,"Bellevue, WA","Job at Epic in Bellevue, WA.",https://www.linkedin.com/jobs/view/cloud-engineer-at-epic-4195233711?position=8&pageNum=0&refId=f%2FGyswsTP5O2W2JlTgJchg%3D%3D&trackingId=w7ETEo379nAY8e%2FpUxPwFg%3D%3D,
Cloud Engineer,Epic,"Tacoma, WA","Job at Epic in Tacoma, WA.",https://www.linkedin.com/jobs/view/cloud-engineer-at-epic-4195238068?position=9&pageNum=0&refId=f%2FGyswsTP5O2W2JlTgJchg%3D%3D&trackingId=RkOFmAQo8MwR9b%2BmWu55Cg%3D%3D,
Embedded Software Engineer,"Kelly Science, Engineering, Technology & Telecom","Redmond, WA","Job at Kelly Science, Engineering, Technology & Telecom in Redmond, WA.",https://www.linkedin.com/jobs/view/embedded-software-engineer-at-kelly-science-engineering-technology-telecom-4242969398?position=10&pageNum=0&refId=f%2FGyswsTP5O2W2JlTgJchg%3D%3D&trackingId=7qh23bhwz5rylMulH7nGQg%3D%3D,
UX/UI Designer,Odicci,"London, England, United Kingdom","Job at Odicci in London, England, United Kingdom.",https://uk.linkedin.com/jobs/view/ux-ui-designer-at-odicci-4250860593?position=1&pageNum=0&refId=P15rpj90WSe2MRATKyqxsg%3D%3D&trackingId=jf6KTpD5c7s3tdup2J%2BUfA%3D%3D,
UI/UX Design Intern,Breeze Airwaysâ„¢,"Cottonwood Heights, UT","Job at Breeze Airwaysâ„¢ in Cottonwood Heights, UT.",https://www.linkedin.com/jobs/view/ui-ux-design-intern-at-breeze-airways%E2%84%A2-4251696530?position=2&pageNum=0&refId=P15rpj90WSe2MRATKyqxsg%3D%3D&trackingId=xZMmiAdd64ZA9dK9QIUG9Q%3D%3D,
UI UX Designer Intern,Callus Company Inc.,"Bengaluru, Karnataka, India","Job at Callus Company Inc. in Bengaluru, Karnataka, India.",https://in.linkedin.com/jobs/view/ui-ux-designer-intern-at-callus-company-inc-4215828293?position=3&pageNum=0&refId=P15rpj90WSe2MRATKyqxsg%3D%3D&trackingId=aTi1X6hjV2EeBmN%2BGRx9Cg%3D%3D,
UI/ UX Designer,Funnel Truffle,"Mumbai, Maharashtra, India","Job at Funnel Truffle in Mumbai, Maharashtra, India.",https://in.linkedin.com/jobs/view/ui-ux-designer-at-funnel-truffle-4249717533?position=4&pageNum=0&refId=P15rpj90WSe2MRATKyqxsg%3D%3D&trackingId=8bwHXxluVp1t5jCQ0LioQQ%3D%3D,
UX/UI Designer Intern,Bending Spoons,"Greater London, England, United Kingdom","Job at Bending Spoons in Greater London, England, United Kingdom.",https://uk.linkedin.com/jobs/view/ux-ui-designer-intern%09-at-bending-spoons-4246053356?position=5&pageNum=0&refId=P15rpj90WSe2MRATKyqxsg%3D%3D&trackingId=mamU6ttap6mNMKSpRhTi%2Fw%3D%3D,
UI/UX Designer Internship in Bangalore (Hybrid),eLoan Originators,"Bengaluru, Karnataka, India","Job at eLoan Originators in Bengaluru, Karnataka, India.",https://in.linkedin.com/jobs/view/ui-ux-designer-internship-in-bangalore-hybrid-at-eloan-originators-4248380057?position=6&pageNum=0&refId=P15rpj90WSe2MRATKyqxsg%3D%3D&trackingId=L%2B3Z1uyPMVqs3joyBk71rA%3D%3D,
UI/UX Designer Intern,Xogar Games,"Bengaluru, Karnataka, India","Job at Xogar Games in Bengaluru, Karnataka, India.",https://in.linkedin.com/jobs/view/ui-ux-designer-intern-at-xogar-games-4207668725?position=7&pageNum=0&refId=P15rpj90WSe2MRATKyqxsg%3D%3D&trackingId=udLoZBRWJNANDHyfayDuDw%3D%3D,
UI/UX Designer,EBizCharge,"Irvine, CA","Job at EBizCharge in Irvine, CA.",https://www.linkedin.com/jobs/view/ui-ux-designer-at-ebizcharge-4252833106?position=8&pageNum=0&refId=P15rpj90WSe2MRATKyqxsg%3D%3D&trackingId=SGiGm%2B08rYRl%2FPx2BAkDfw%3D%3D,
UI/UX Designer,Heirloom Cloud Corporation,"Mount Pleasant, SC","Job at Heirloom Cloud Corporation in Mount Pleasant, SC.",https://www.linkedin.com/jobs/view/ui-ux-designer-at-heirloom-cloud-corporation-4250722685?position=9&pageNum=0&refId=P15rpj90WSe2MRATKyqxsg%3D%3D&trackingId=yYGIb1ck8AVQ%2B6i40a1Bow%3D%3D,
UI/UX Design Intern,Adagrad AI,"Pune, Maharashtra, India","Job at Adagrad AI in Pune, Maharashtra, India.",https://in.linkedin.com/jobs/view/ui-ux-design-intern-at-adagrad-ai-4226987177?position=10&pageNum=0&refId=P15rpj90WSe2MRATKyqxsg%3D%3D&trackingId=aBRWjXWwL1VLzdF85JBmgQ%3D%3D,
Digital Product Designer,Nike,"New York, NY","Job at Nike in New York, NY.",https://www.linkedin.com/jobs/view/digital-product-designer-at-nike-4248238580?position=1&pageNum=0&refId=qo9jj9GQr%2Bo6SNzVemqw0A%3D%3D&trackingId=1KpXQgBzxrb8MGISONPDFA%3D%3D,
Product Designer,Meta,"New York, NY","Job at Meta in New York, NY.",https://www.linkedin.com/jobs/view/product-designer-at-meta-4176826247?position=2&pageNum=0&refId=qo9jj9GQr%2Bo6SNzVemqw0A%3D%3D&trackingId=R7wEGTWm5Edwug1P2P8blA%3D%3D,
Product Designer,Notion,"New York, NY","Job at Notion in New York, NY.",https://www.linkedin.com/jobs/view/product-designer-at-notion-4125374863?position=3&pageNum=0&refId=qo9jj9GQr%2Bo6SNzVemqw0A%3D%3D&trackingId=FfG9LAyMdD9KLRFEkjFTag%3D%3D,
Product Designer,StubHub,"New York, NY","Job at StubHub in New York, NY.",https://www.linkedin.com/jobs/view/product-designer-at-stubhub-4126526045?position=4&pageNum=0&refId=qo9jj9GQr%2Bo6SNzVemqw0A%3D%3D&trackingId=ibcilfk9ocjL7zPn39tBYQ%3D%3D,
Product Designer,Meta,"New York, NY","Job at Meta in New York, NY.",https://www.linkedin.com/jobs/view/product-designer-at-meta-4123149004?position=5&pageNum=0&refId=qo9jj9GQr%2Bo6SNzVemqw0A%3D%3D&trackingId=A3p3Huhwmi2hMGgsAXdN%2FA%3D%3D,
Product Designer,Blackbird Labs,"New York, NY","Job at Blackbird Labs in New York, NY.",https://www.linkedin.com/jobs/view/product-designer-at-blackbird-labs-4245590494?position=6&pageNum=0&refId=qo9jj9GQr%2Bo6SNzVemqw0A%3D%3D&trackingId=3yWDo1rFxhq856HsXh670w%3D%3D,
Product Designer,Northeast Arc,"New York, NY","Job at Northeast Arc in New York, NY.",https://www.linkedin.com/jobs/view/product-designer-at-northeast-arc-4250720407?position=7&pageNum=0&refId=qo9jj9GQr%2Bo6SNzVemqw0A%3D%3D&trackingId=k67GwAaY7%2F9t4jKoMr72pg%3D%3D,
Product Designer,Rockstar Games,"Manhattan, NY","Job at Rockstar Games in Manhattan, NY.",https://www.linkedin.com/jobs/view/product-designer-at-rockstar-games-4206260240?position=8&pageNum=0&refId=qo9jj9GQr%2Bo6SNzVemqw0A%3D%3D&trackingId=dyjv6PLbQBumbCajzSri9g%3D%3D,
Product Designer,Meta,"New York, NY","Job at Meta in New York, NY.",https://www.linkedin.com/jobs/view/product-designer-at-meta-4120823758?position=9&pageNum=0&refId=qo9jj9GQr%2Bo6SNzVemqw0A%3D%3D&trackingId=8yJUpzNvR5HhZ2JT13oyaQ%3D%3D,
Junior Product Designer,Tata Consultancy Services,"New York, NY","Job at Tata Consultancy Services in New York, NY.",https://www.linkedin.com/jobs/view/junior-product-designer-at-tata-consultancy-services-4242210611?position=10&pageNum=0&refId=qo9jj9GQr%2Bo6SNzVemqw0A%3D%3D&trackingId=6bbMjz2sIXnhIemx3mL9DA%3D%3D,
"Product Manager II, Notifications",Tinder,"San Francisco, CA","Job at Tinder in San Francisco, CA.",https://www.linkedin.com/jobs/view/product-manager-ii-notifications-at-tinder-4246707878?position=1&pageNum=0&refId=K%2FUQ0gBiKXtjBBEvzXGTnw%3D%3D&trackingId=ry3rawUdDkdjPKhO%2Bg0XOQ%3D%3D,
"Product Manager I, YouTube Shorts",Google,"San Bruno, CA","Job at Google in San Bruno, CA.",https://www.linkedin.com/jobs/view/product-manager-i-youtube-shorts-at-google-4238806458?position=2&pageNum=0&refId=K%2FUQ0gBiKXtjBBEvzXGTnw%3D%3D&trackingId=gd0xZNJYkkQ08pAmMT84%2BA%3D%3D,
Associate Product Manager,Firework,"San Mateo, CA","Job at Firework in San Mateo, CA.",https://www.linkedin.com/jobs/view/associate-product-manager-at-firework-4228593300?position=3&pageNum=0&refId=K%2FUQ0gBiKXtjBBEvzXGTnw%3D%3D&trackingId=dFHG8%2F9Hf%2BbFERBW4ZL%2BeQ%3D%3D,
Product Manager,Asana,"San Francisco, CA","Job at Asana in San Francisco, CA.",https://www.linkedin.com/jobs/view/product-manager-at-asana-4249944811?position=4&pageNum=0&refId=K%2FUQ0gBiKXtjBBEvzXGTnw%3D%3D&trackingId=YgDHLXoY3iVDtrgoG47uyw%3D%3D,
"Associate Product Manager, New Grad",IXL Learning,"San Mateo, CA","Job at IXL Learning in San Mateo, CA.",https://www.linkedin.com/jobs/view/associate-product-manager-new-grad-at-ixl-learning-4240981300?position=5&pageNum=0&refId=K%2FUQ0gBiKXtjBBEvzXGTnw%3D%3D&trackingId=O9y4zONUNAkwEyjkyb6GCQ%3D%3D,
Product Manager,Asana,"San Francisco, CA","Job at Asana in San Francisco, CA.",https://www.linkedin.com/jobs/view/product-manager-at-asana-4232546825?position=6&pageNum=0&refId=K%2FUQ0gBiKXtjBBEvzXGTnw%3D%3D&trackingId=gM08pileWRmA2iK4Y8D5KA%3D%3D,
Product Manager,Meta,"Burlingame, CA","Job at Meta in Burlingame, CA.",https://www.linkedin.com/jobs/view/product-manager-at-meta-4247649670?position=7&pageNum=0&refId=K%2FUQ0gBiKXtjBBEvzXGTnw%3D%3D&trackingId=eBPYmRTfDkxixieFSLesHg%3D%3D,
Product Manager,TomoCredit,"San Francisco, CA","Job at TomoCredit in San Francisco, CA.",https://www.linkedin.com/jobs/view/product-manager-at-tomocredit-4119498452?position=8&pageNum=0&refId=K%2FUQ0gBiKXtjBBEvzXGTnw%3D%3D&trackingId=dRbI4%2BN8TnsRQPWWywHVbw%3D%3D,
Product Manager,Check,"San Francisco, CA","Job at Check in San Francisco, CA.",https://www.linkedin.com/jobs/view/product-manager-at-check-4060809062?position=9&pageNum=0&refId=K%2FUQ0gBiKXtjBBEvzXGTnw%3D%3D&trackingId=OVY8rs2PuSGZ11pgvCI3sw%3D%3D,
Product,Nooks,"San Francisco, CA","Job at Nooks in San Francisco, CA.",https://www.linkedin.com/jobs/view/product-at-nooks-4221287967?position=10&pageNum=0&refId=K%2FUQ0gBiKXtjBBEvzXGTnw%3D%3D&trackingId=DA3BJSNY7CathAE9McL%2BqQ%3D%3D,
Associate Product Manager,LaSalle Network,"Chicago, IL","Job at LaSalle Network in Chicago, IL.",https://www.linkedin.com/jobs/view/associate-product-manager-at-lasalle-network-4245488895?position=1&pageNum=0&refId=tMRTH964G2vlu%2BCCzZdOxQ%3D%3D&trackingId=MlIdmPM5f7FMqY3ljlVQ2Q%3D%3D,
Associate Product Manager,"Konami Gaming, Inc.","Las Vegas, NV","Job at Konami Gaming, Inc. in Las Vegas, NV.",https://www.linkedin.com/jobs/view/associate-product-manager-at-konami-gaming-inc-4246136906?position=2&pageNum=0&refId=tMRTH964G2vlu%2BCCzZdOxQ%3D%3D&trackingId=x0DYYKmWFAC%2Fo%2FJiln6Mlg%3D%3D,
Assistant Product Manager,Road Runner Sports,"San Diego, CA","Job at Road Runner Sports in San Diego, CA.",https://www.linkedin.com/jobs/view/assistant-product-manager-at-road-runner-sports-4249346908?position=3&pageNum=0&refId=tMRTH964G2vlu%2BCCzZdOxQ%3D%3D&trackingId=dwCAk%2BVnpo8AXPhZpw2tog%3D%3D,
Product Manager,Integral Molecular,"Philadelphia, PA","Job at Integral Molecular in Philadelphia, PA.",https://www.linkedin.com/jobs/view/product-manager-at-integral-molecular-4251292412?position=4&pageNum=0&refId=tMRTH964G2vlu%2BCCzZdOxQ%3D%3D&trackingId=QEaYtH9j4TM4Pe5nmPz3Tw%3D%3D,
Product Manager,Terumo Medical Corporation,"Somerset, NJ","Job at Terumo Medical Corporation in Somerset, NJ.",https://www.linkedin.com/jobs/view/product-manager-at-terumo-medical-corporation-4184237704?position=5&pageNum=0&refId=tMRTH964G2vlu%2BCCzZdOxQ%3D%3D&trackingId=gUXxMna%2BTLDJlVAzPCdAEg%3D%3D,
Product Manager,Corpay,"Atlanta, GA","Job at Corpay in Atlanta, GA.",https://www.linkedin.com/jobs/view/product-manager-at-corpay-4194566326?position=6&pageNum=0&refId=tMRTH964G2vlu%2BCCzZdOxQ%3D%3D&trackingId=hMKVXHDZoRE5JQkLy86UOA%3D%3D,
Associate Product Manager,Rust-Oleum Corporation,"Vernon Hills, IL","Job at Rust-Oleum Corporation in Vernon Hills, IL.",https://www.linkedin.com/jobs/view/associate-product-manager-at-rust-oleum-corporation-4234752794?position=7&pageNum=0&refId=tMRTH964G2vlu%2BCCzZdOxQ%3D%3D&trackingId=GSFZAF4%2FlS9Gm%2BOh8i6Zwg%3D%3D,
Associate Product Manager - Retail,PTC,"Boston, MA","Job at PTC in Boston, MA.",https://www.linkedin.com/jobs/view/associate-product-manager-retail-at-ptc-4245482534?position=8&pageNum=0&refId=tMRTH964G2vlu%2BCCzZdOxQ%3D%3D&trackingId=VhHRSQlIG1ixFAbMCkfCkg%3D%3D,
Product Manager,Corpay,"Brentwood, TN","Job at Corpay in Brentwood, TN.",https://www.linkedin.com/jobs/view/product-manager-at-corpay-4252045608?position=9&pageNum=0&refId=tMRTH964G2vlu%2BCCzZdOxQ%3D%3D&trackingId=dXMAdtnKZ0s4Rww5BmlspA%3D%3D,
Product Manager,Corpay Technologies,"Atlanta, NE","Job at Corpay Technologies in Atlanta, NE.",https://www.linkedin.com/jobs/view/product-manager-at-corpay-technologies-4250815823?position=10&pageNum=0&refId=tMRTH964G2vlu%2BCCzZdOxQ%3D%3D&trackingId=CEYxvTSVhjdbwKDMfIVv1A%3D%3D,
