title,company,location,description,link,source,skills
Python developer,Infosys,"Bengaluru East, Karnataka, India","Job at Infosys in Bengaluru East, Karnataka, India.",https://in.linkedin.com/jobs/view/python-developer-at-infosys-4216805858?position=1&pageNum=0&refId=8jaoXaDwDJhKr8uQgV%2FIcA%3D%3D&trackingId=fCYAGE66ucDTdufur10L3w%3D%3D,LinkedIn,
Python developer,Infosys,"Bengaluru East, Karnataka, India","Job at Infosys in Bengaluru East, Karnataka, India.",https://in.linkedin.com/jobs/view/python-developer-at-infosys-4217397513?position=2&pageNum=0&refId=8jaoXaDwDJhKr8uQgV%2FIcA%3D%3D&trackingId=8Bk7x7obRFSsBU4S5dkPXg%3D%3D,LinkedIn,
Python Developer,Infosys,"Pune, Maharashtra, India","Job at Infosys in Pune, Maharashtra, India.",https://in.linkedin.com/jobs/view/python-developer-at-infosys-4220939108?position=3&pageNum=0&refId=8jaoXaDwDJhKr8uQgV%2FIcA%3D%3D&trackingId=emgCwqJFJA1bsoqNZDkNkw%3D%3D,LinkedIn,
Python Developer,Infosys,"Chandigarh, Chandigarh, India","Job at Infosys in Chandigarh, Chandigarh, India.",https://in.linkedin.com/jobs/view/python-developer-at-infosys-4207500723?position=4&pageNum=0&refId=8jaoXaDwDJhKr8uQgV%2FIcA%3D%3D&trackingId=SZi7q9HyKxrgPxSrESYo7w%3D%3D,LinkedIn,
Python Developer,Infosys,"Gurgaon, Haryana, India","Job at Infosys in Gurgaon, Haryana, India.",https://in.linkedin.com/jobs/view/python-developer-at-infosys-4239914832?position=5&pageNum=0&refId=8jaoXaDwDJhKr8uQgV%2FIcA%3D%3D&trackingId=Ur4diUPtfpzGWV9zhNpvMQ%3D%3D,LinkedIn,
Python Developer,Infosys,"Pune, Maharashtra, India","Job at Infosys in Pune, Maharashtra, India.",https://in.linkedin.com/jobs/view/python-developer-at-infosys-4214876486?position=6&pageNum=0&refId=8jaoXaDwDJhKr8uQgV%2FIcA%3D%3D&trackingId=P3fyT92d85LLW52MOf90OA%3D%3D,LinkedIn,
Python Developer,Infosys,"Bengaluru, Karnataka, India","Job at Infosys in Bengaluru, Karnataka, India.",https://in.linkedin.com/jobs/view/python-developer-at-infosys-4242299754?position=7&pageNum=0&refId=8jaoXaDwDJhKr8uQgV%2FIcA%3D%3D&trackingId=H057ylFb7YTFFYYz%2FUYnlQ%3D%3D,LinkedIn,
Python Developer,Infosys,"Bengaluru East, Karnataka, India","Job at Infosys in Bengaluru East, Karnataka, India.",https://in.linkedin.com/jobs/view/python-developer-at-infosys-4240263505?position=8&pageNum=0&refId=8jaoXaDwDJhKr8uQgV%2FIcA%3D%3D&trackingId=ifRnoEe8wqUWchkzXjtt%2Bw%3D%3D,LinkedIn,
Python Developer,Infosys,"Bengaluru, Karnataka, India","Job at Infosys in Bengaluru, Karnataka, India.",https://in.linkedin.com/jobs/view/python-developer-at-infosys-4191884365?position=9&pageNum=0&refId=8jaoXaDwDJhKr8uQgV%2FIcA%3D%3D&trackingId=BAJRV821%2FMW5CWMhyoeYDg%3D%3D,LinkedIn,
Python Developer,Infosys,"Bengaluru, Karnataka, India","Job at Infosys in Bengaluru, Karnataka, India.",https://in.linkedin.com/jobs/view/python-developer-at-infosys-4242632123?position=10&pageNum=0&refId=8jaoXaDwDJhKr8uQgV%2FIcA%3D%3D&trackingId=Hacjx0vpvbDBEGgttvMIIA%3D%3D,LinkedIn,
Data Analyst,Jobs for Humanity,"New York, NY","Job at Jobs for Humanity in New York, NY.",https://www.linkedin.com/jobs/view/data-analyst-at-jobs-for-humanity-4160121319?position=1&pageNum=0&refId=ltZl8jIYA9Jpe00pKV1Q8A%3D%3D&trackingId=rl7MWzyzh%2F7pO0yzGFx54Q%3D%3D,LinkedIn,
"Analyst, Analytics",Publicis Media,"New York, NY","Job at Publicis Media in New York, NY.",https://www.linkedin.com/jobs/view/analyst-analytics-at-publicis-media-4247366361?position=2&pageNum=0&refId=ltZl8jIYA9Jpe00pKV1Q8A%3D%3D&trackingId=K0RaR5vCb4iGd%2FQ8fGu4cw%3D%3D,LinkedIn,
"Analyst, Analytics",Starcom,"New York, NY","Job at Starcom in New York, NY.",https://www.linkedin.com/jobs/view/analyst-analytics-at-starcom-4214411986?position=3&pageNum=0&refId=ltZl8jIYA9Jpe00pKV1Q8A%3D%3D&trackingId=Ql0R6oBxwro3ksRGO%2FKQNA%3D%3D,LinkedIn,
"Analyst, Analytics",Lensa,"New York, NY","Job at Lensa in New York, NY.",https://www.linkedin.com/jobs/view/analyst-analytics-at-lensa-4254560096?position=4&pageNum=0&refId=ltZl8jIYA9Jpe00pKV1Q8A%3D%3D&trackingId=S3RPqPPaOEWXsLqEV4d8cA%3D%3D,LinkedIn,
Jr. Insights & Analytics Consultant,First & First Consulting,"Brooklyn, NY","Job at First & First Consulting in Brooklyn, NY.",https://www.linkedin.com/jobs/view/jr-insights-analytics-consultant-at-first-first-consulting-4240249431?position=5&pageNum=0&refId=ltZl8jIYA9Jpe00pKV1Q8A%3D%3D&trackingId=0Me2iGbhjV8wm%2FKMbhEGNQ%3D%3D,LinkedIn,
"Analyst, Analytics",Starcom Georgia,"New York, NY","Job at Starcom Georgia in New York, NY.",https://www.linkedin.com/jobs/view/analyst-analytics-at-starcom-georgia-4240816817?position=6&pageNum=0&refId=ltZl8jIYA9Jpe00pKV1Q8A%3D%3D&trackingId=C%2BEvsRNE%2Bl1bPpEPrX2ELg%3D%3D,LinkedIn,
Senior Data Analyst - Founding Team,Traba,"New York, NY","Job at Traba in New York, NY.",https://www.linkedin.com/jobs/view/senior-data-analyst-founding-team-at-traba-4213662260?position=7&pageNum=0&refId=ltZl8jIYA9Jpe00pKV1Q8A%3D%3D&trackingId=NoIuubIVTssIckswjr9KKQ%3D%3D,LinkedIn,
Research Analyst,Customer Management Practice,New York City Metropolitan Area,Job at Customer Management Practice in New York City Metropolitan Area.,https://www.linkedin.com/jobs/view/research-analyst-at-customer-management-practice-4249942456?position=8&pageNum=0&refId=ltZl8jIYA9Jpe00pKV1Q8A%3D%3D&trackingId=Mu2xz1jQ8uTg6Sh5Bz%2FZ%2Fg%3D%3D,LinkedIn,
Customer Success Analyst - Contract (6 months),Knotch,"New York, NY","Job at Knotch in New York, NY.",https://www.linkedin.com/jobs/view/customer-success-analyst-contract-6-months-at-knotch-4232193593?position=9&pageNum=0&refId=ltZl8jIYA9Jpe00pKV1Q8A%3D%3D&trackingId=lIzNdOCMA9FLxlLcsbECDQ%3D%3D,LinkedIn,
Industry Research Analyst - NY,IBISWorld,"New York, NY","Job at IBISWorld in New York, NY.",https://www.linkedin.com/jobs/view/industry-research-analyst-ny-at-ibisworld-4242964509?position=10&pageNum=0&refId=ltZl8jIYA9Jpe00pKV1Q8A%3D%3D&trackingId=G1uA%2F%2FpSGL%2BjXRZnExgLlg%3D%3D,LinkedIn,
UI/UX Design Intern,Breeze Airways™,"Salt Lake City, UT","Job at Breeze Airways™ in Salt Lake City, UT.",https://www.linkedin.com/jobs/view/ui-ux-design-intern-at-breeze-airways%E2%84%A2-4254506418?position=1&pageNum=0&refId=vnqiRlteIpmklU0U8v4Blw%3D%3D&trackingId=6IyXTUlv%2B32L9d98Fh0itA%3D%3D,LinkedIn,
UI/UX Designer Intern,Recruit Forge,India,Job at Recruit Forge in India.,https://in.linkedin.com/jobs/view/ui-ux-designer-intern-at-recruit-forge-4253585489?position=2&pageNum=0&refId=vnqiRlteIpmklU0U8v4Blw%3D%3D&trackingId=aHNgtJxDsA1zf2o408gP%2Bg%3D%3D,LinkedIn,
UX/UI Designer Intern,Bending Spoons,"Greater London, England, United Kingdom","Job at Bending Spoons in Greater London, England, United Kingdom.",https://uk.linkedin.com/jobs/view/ux-ui-designer-intern%09-at-bending-spoons-4246053356?position=3&pageNum=0&refId=vnqiRlteIpmklU0U8v4Blw%3D%3D&trackingId=5i8TNJhhJAOCu8XbrU%2BT%2Fw%3D%3D,LinkedIn,
UI UX Designer Intern,Callus Company Inc.,"Bengaluru, Karnataka, India","Job at Callus Company Inc. in Bengaluru, Karnataka, India.",https://in.linkedin.com/jobs/view/ui-ux-designer-intern-at-callus-company-inc-4215828293?position=4&pageNum=0&refId=vnqiRlteIpmklU0U8v4Blw%3D%3D&trackingId=9epGpACKVgOpxkl9J3olTQ%3D%3D,LinkedIn,
UI/UX Designer Internship in Bangalore (Hybrid),eLoan Originators,"Bengaluru, Karnataka, India","Job at eLoan Originators in Bengaluru, Karnataka, India.",https://in.linkedin.com/jobs/view/ui-ux-designer-internship-in-bangalore-hybrid-at-eloan-originators-4248380057?position=5&pageNum=0&refId=vnqiRlteIpmklU0U8v4Blw%3D%3D&trackingId=vxD%2BCXZmEi8BqknPJPeiJQ%3D%3D,LinkedIn,
UI/UX Design Intern,Breeze Airways™,"Cottonwood Heights, UT","Job at Breeze Airways™ in Cottonwood Heights, UT.",https://www.linkedin.com/jobs/view/ui-ux-design-intern-at-breeze-airways%E2%84%A2-4251696530?position=6&pageNum=0&refId=vnqiRlteIpmklU0U8v4Blw%3D%3D&trackingId=fi%2Fde0hoj3H2i4Ai9DjbpA%3D%3D,LinkedIn,
UI/UX Designer,Heirloom Cloud Corporation,"Mount Pleasant, SC","Job at Heirloom Cloud Corporation in Mount Pleasant, SC.",https://www.linkedin.com/jobs/view/ui-ux-designer-at-heirloom-cloud-corporation-4250722685?position=7&pageNum=0&refId=vnqiRlteIpmklU0U8v4Blw%3D%3D&trackingId=CEch%2FwLAuFRwLF%2FqTNBvwg%3D%3D,LinkedIn,
UI/UX Designer Intern,Xogar Games,"Bengaluru, Karnataka, India","Job at Xogar Games in Bengaluru, Karnataka, India.",https://in.linkedin.com/jobs/view/ui-ux-designer-intern-at-xogar-games-4207668725?position=8&pageNum=0&refId=vnqiRlteIpmklU0U8v4Blw%3D%3D&trackingId=V88IMEThlKiTvXroHFoTvA%3D%3D,LinkedIn,
UI/UX Designer,EBizCharge,"Irvine, CA","Job at EBizCharge in Irvine, CA.",https://www.linkedin.com/jobs/view/ui-ux-designer-at-ebizcharge-4252833106?position=9&pageNum=0&refId=vnqiRlteIpmklU0U8v4Blw%3D%3D&trackingId=Yrhb3PsT1I21GI%2BWuwglkQ%3D%3D,LinkedIn,
UI/UX Design Intern,Adagrad AI,"Pune, Maharashtra, India","Job at Adagrad AI in Pune, Maharashtra, India.",https://in.linkedin.com/jobs/view/ui-ux-design-intern-at-adagrad-ai-4226987177?position=10&pageNum=0&refId=vnqiRlteIpmklU0U8v4Blw%3D%3D&trackingId=lmIQRVVgSAl7j5auV9xzNg%3D%3D,LinkedIn,
Full-Stack Web Developer,"VeilSun, Inc.","Denver, CO","Job at VeilSun, Inc. in Denver, CO.",https://www.linkedin.com/jobs/view/full-stack-web-developer-at-veilsun-inc-4089780497?position=1&pageNum=0&refId=lD0L0cTxHRpv3VdX9O3erw%3D%3D&trackingId=SvlqnHOsciNs5VbysjXqNQ%3D%3D,LinkedIn,
Full-Stack Software Engineer,AidKit,"Denver, CO","Job at AidKit in Denver, CO.",https://www.linkedin.com/jobs/view/full-stack-software-engineer-at-aidkit-4238846773?position=2&pageNum=0&refId=lD0L0cTxHRpv3VdX9O3erw%3D%3D&trackingId=N9Qu3D7i90qdp1gd1jHCmg%3D%3D,LinkedIn,
Full-Stack Software Engineer,WorkBright,"Denver, CO","Job at WorkBright in Denver, CO.",https://www.linkedin.com/jobs/view/full-stack-software-engineer-at-workbright-4219099988?position=3&pageNum=0&refId=lD0L0cTxHRpv3VdX9O3erw%3D%3D&trackingId=RyCEhivx8qaPkBW1opcVWQ%3D%3D,LinkedIn,
Front End React Developer,Kforce Inc,"Englewood, CO","Job at Kforce Inc in Englewood, CO.",https://www.linkedin.com/jobs/view/front-end-react-developer-at-kforce-inc-4252866369?position=4&pageNum=0&refId=lD0L0cTxHRpv3VdX9O3erw%3D%3D&trackingId=MAeO%2FFOr5RXo4ysws0HFTQ%3D%3D,LinkedIn,
Full Stack Engineer — Front End Focused,CommonThread AI,"Denver, CO","Job at CommonThread AI in Denver, CO.",https://www.linkedin.com/jobs/view/full-stack-engineer-%E2%80%94-front-end-focused-at-commonthread-ai-4167197110?position=5&pageNum=0&refId=lD0L0cTxHRpv3VdX9O3erw%3D%3D&trackingId=s10kM%2FHUFbtOmZftQX3KOw%3D%3D,LinkedIn,
Full Stack Developer - Mendix Expertise,"VeilSun, Inc.","Denver, CO","Job at VeilSun, Inc. in Denver, CO.",https://www.linkedin.com/jobs/view/full-stack-developer-mendix-expertise-at-veilsun-inc-4142446529?position=6&pageNum=0&refId=lD0L0cTxHRpv3VdX9O3erw%3D%3D&trackingId=9ud10o1IP0Yq6qX59ExRSw%3D%3D,LinkedIn,
Frontend Developer,DataAnnotation,Denver Metropolitan Area,Job at DataAnnotation in Denver Metropolitan Area.,https://www.linkedin.com/jobs/view/frontend-developer-at-dataannotation-4134216991?position=7&pageNum=0&refId=lD0L0cTxHRpv3VdX9O3erw%3D%3D&trackingId=cKR%2BuQNaGvOsxVbSIZ0jNA%3D%3D,LinkedIn,
Frontend Software Engineer,Candid Health,"Denver, CO","Job at Candid Health in Denver, CO.",https://www.linkedin.com/jobs/view/frontend-software-engineer-at-candid-health-4034137301?position=8&pageNum=0&refId=lD0L0cTxHRpv3VdX9O3erw%3D%3D&trackingId=9GOa%2BWMrb3NJr4pitIInWA%3D%3D,LinkedIn,
Full-Stack React/Node.js Developer (ON-SITE),Ringy,"Denver, CO","Job at Ringy in Denver, CO.",https://www.linkedin.com/jobs/view/full-stack-react-node-js-developer-on-site-at-ringy-4245792115?position=9&pageNum=0&refId=lD0L0cTxHRpv3VdX9O3erw%3D%3D&trackingId=fw0LXY94%2FdUSif6im0Tksw%3D%3D,LinkedIn,
Full-Stack AI Developer (ON-SITE),Ringy,"Denver, CO","Job at Ringy in Denver, CO.",https://www.linkedin.com/jobs/view/full-stack-ai-developer-on-site-at-ringy-4245786970?position=10&pageNum=0&refId=lD0L0cTxHRpv3VdX9O3erw%3D%3D&trackingId=oYB4%2BpfmddgDdUnL1TtVHQ%3D%3D,LinkedIn,
Machine Learning Intern,Bindwell,"San Francisco, CA","Job at Bindwell in San Francisco, CA.",https://www.linkedin.com/jobs/view/machine-learning-intern-at-bindwell-4254470294?position=1&pageNum=0&refId=3iEuib3CZt04RZJISbno3w%3D%3D&trackingId=xkYWY77giSQ7FEXIEwrt6A%3D%3D,LinkedIn,
"Machine Learning Intern, Fall 2025",Netflix,"Los Gatos, CA","Job at Netflix in Los Gatos, CA.",https://www.linkedin.com/jobs/view/machine-learning-intern-fall-2025-at-netflix-4212084336?position=2&pageNum=0&refId=3iEuib3CZt04RZJISbno3w%3D%3D&trackingId=lce7tpVuoSbSrFeM8yN8Vg%3D%3D,LinkedIn,
Data Science Intern,Lensa,"New York, NY","Job at Lensa in New York, NY.",https://www.linkedin.com/jobs/view/data-science-intern-at-lensa-4254555732?position=3&pageNum=0&refId=3iEuib3CZt04RZJISbno3w%3D%3D&trackingId=010pNolPQ7p5X1IBbwfovw%3D%3D,LinkedIn,
"ML Engineer, AI Robotics (Intern)",RoboForce,"Milpitas, CA","Job at RoboForce in Milpitas, CA.",https://www.linkedin.com/jobs/view/ml-engineer-ai-robotics-intern-at-roboforce-4250418618?position=4&pageNum=0&refId=3iEuib3CZt04RZJISbno3w%3D%3D&trackingId=Si8oS3kqCCxPuCLYiFfFVg%3D%3D,LinkedIn,
Point72 Quantitative Research Intern,Point72,"New York, United States","Job at Point72 in New York, United States.",https://www.linkedin.com/jobs/view/point72-quantitative-research-intern-at-point72-3617974435?position=5&pageNum=0&refId=3iEuib3CZt04RZJISbno3w%3D%3D&trackingId=JiHpohCdbi5APIEk7XAHmQ%3D%3D,LinkedIn,
DATA SCIENCE INTERNSHIP,Lensa,"Tallahassee, FL","Job at Lensa in Tallahassee, FL.",https://www.linkedin.com/jobs/view/data-science-internship-at-lensa-4254558166?position=6&pageNum=0&refId=3iEuib3CZt04RZJISbno3w%3D%3D&trackingId=ZlknJCBM%2BweEhZe6yxDkmw%3D%3D,LinkedIn,
Artificial Intelligence Intern (Fall),PRGX Global Inc.,"Atlanta, GA","Job at PRGX Global Inc. in Atlanta, GA.",https://www.linkedin.com/jobs/view/artificial-intelligence-intern-fall-at-prgx-global-inc-4252894818?position=7&pageNum=0&refId=3iEuib3CZt04RZJISbno3w%3D%3D&trackingId=4Xe%2Bllv9ldUjbsgWllLJFg%3D%3D,LinkedIn,
Artificial Intelligence Intern (Fall),Lensa,"Atlanta, GA","Job at Lensa in Atlanta, GA.",https://www.linkedin.com/jobs/view/artificial-intelligence-intern-fall-at-lensa-4254556531?position=8&pageNum=0&refId=3iEuib3CZt04RZJISbno3w%3D%3D&trackingId=78zdmGUzXN%2BvQ9xHzkrfrw%3D%3D,LinkedIn,
Software Intern - AI Compilers,Tenstorrent,"Austin, TX","Job at Tenstorrent in Austin, TX.",https://www.linkedin.com/jobs/view/software-intern-ai-compilers-at-tenstorrent-4254508265?position=9&pageNum=0&refId=3iEuib3CZt04RZJISbno3w%3D%3D&trackingId=SEkDedg5%2B7VQj3ZxZK0v8g%3D%3D,LinkedIn,
Internship - AI Software Engineer,Lensa,"Long Beach, CA","Job at Lensa in Long Beach, CA.",https://www.linkedin.com/jobs/view/internship-ai-software-engineer-at-lensa-4254555653?position=10&pageNum=0&refId=3iEuib3CZt04RZJISbno3w%3D%3D&trackingId=miDuvplsWYwWoNw0dFfvtw%3D%3D,LinkedIn,
